intercept,layer,node,node_0,node_1,node_2,node_3,node_4,node_5,node_6,node_7,node_8,node_9,node_10,node_11,node_12,node_13,node_14,node_15,node_16,node_17,node_18,node_19,node_20,node_21,node_22,node_23,node_24,node_25,node_26,node_27,node_28,node_29,node_30,node_31,node_32,node_33,node_34,node_35,node_36,node_37,node_38,node_39,node_40,node_41,node_42,node_43,node_44,node_45,node_46,node_47,node_48,node_49,node_50,node_51,node_52,node_53,node_54,node_55,node_56,node_57,node_58,node_59,node_60,node_61,node_62,node_63,node_64,node_65,node_66,node_67,node_68,node_69,node_70,node_71,node_72,node_73,node_74,node_75,node_76,node_77,node_78,node_79,node_80,node_81,node_82,node_83,node_84,node_85,node_86,node_87,node_88,node_89,node_90,node_91,node_92,node_93,node_94,node_95,node_96,node_97,node_98,node_99
-0.2168494727804177,0,0,1.3502880247194057e-61,-3.186265303230712e-51,-3.051001372638506e-50,1.2282132237659842e-28,2.7136162949445054e-58,-3.4121731923185005e-50,4.369077040337422e-37,-1.0623235710817353e-55,,,,,,,,,,,,,,,,,,,,,,,,,,,,,,,,,,,,,,,,,,,,,,,,,,,,,,,,,,,,,,,,,,,,,,,,,,,,,,,,,,,,,,,,,,,,
0.3857081207958196,0,1,-0.08368657303425048,-0.23657597474565092,0.26041747299497253,0.24205491393214773,0.2726479097720116,-0.1568264698205712,-0.22058251974671908,-0.7072537948277506,,,,,,,,,,,,,,,,,,,,,,,,,,,,,,,,,,,,,,,,,,,,,,,,,,,,,,,,,,,,,,,,,,,,,,,,,,,,,,,,,,,,,,,,,,,,
-0.06609576469808634,0,2,0.029184956533051525,0.08532995728914367,-0.07221747540160146,-0.08571172416959956,-0.04792569684210472,-0.013621739930973837,0.057358789171324115,-0.20557525247029856,,,,,,,,,,,,,,,,,,,,,,,,,,,,,,,,,,,,,,,,,,,,,,,,,,,,,,,,,,,,,,,,,,,,,,,,,,,,,,,,,,,,,,,,,,,,
-0.11029127308918153,0,3,-0.014349258642472676,0.15844733445006,-0.16451890602408245,-0.22003515943460009,0.18797013535599114,0.05193002849635226,-0.24757609083082166,-0.25110604572696477,,,,,,,,,,,,,,,,,,,,,,,,,,,,,,,,,,,,,,,,,,,,,,,,,,,,,,,,,,,,,,,,,,,,,,,,,,,,,,,,,,,,,,,,,,,,
0.0760104668645433,0,4,-0.0773443862441187,-0.17424647882925154,-0.21386402522544146,-0.05394636455993133,0.1464883898339884,-0.09458369083642036,0.018035631734092245,-0.14052255838962222,,,,,,,,,,,,,,,,,,,,,,,,,,,,,,,,,,,,,,,,,,,,,,,,,,,,,,,,,,,,,,,,,,,,,,,,,,,,,,,,,,,,,,,,,,,,
-0.04069959636207438,0,5,0.1499547698812781,0.43508385556168094,-0.39859229204149205,-0.11172396604970548,-0.25366681373791616,0.3578588427109637,-0.06315189403685616,-0.3807260286160163,,,,,,,,,,,,,,,,,,,,,,,,,,,,,,,,,,,,,,,,,,,,,,,,,,,,,,,,,,,,,,,,,,,,,,,,,,,,,,,,,,,,,,,,,,,,
0.37885535493612915,0,6,-0.10714447777582181,-0.1616006905974136,0.11659928335679072,-0.16903031651917827,-0.22078872151746848,0.04821964161889891,-0.19800875149082328,-0.036071603120903316,,,,,,,,,,,,,,,,,,,,,,,,,,,,,,,,,,,,,,,,,,,,,,,,,,,,,,,,,,,,,,,,,,,,,,,,,,,,,,,,,,,,,,,,,,,,
-0.08442168572178352,0,7,0.13544508892662802,0.013219368800696973,-0.010255510637173526,-0.005351008648177608,-1.3211692595223412e-42,-0.01178709741492191,-0.037865749948045486,-0.10719578288041273,,,,,,,,,,,,,,,,,,,,,,,,,,,,,,,,,,,,,,,,,,,,,,,,,,,,,,,,,,,,,,,,,,,,,,,,,,,,,,,,,,,,,,,,,,,,
0.4881109196451743,0,8,0.03604133211027319,-0.3494670545493643,0.1190446586582914,0.09698453636255494,0.038575606723289586,-0.1833795983299535,-0.3476112553712565,-0.6503408713040179,,,,,,,,,,,,,,,,,,,,,,,,,,,,,,,,,,,,,,,,,,,,,,,,,,,,,,,,,,,,,,,,,,,,,,,,,,,,,,,,,,,,,,,,,,,,
0.28303290826060873,0,9,-0.2634457062265703,0.05095273151970325,0.1378802844291079,-0.3051243057801809,-0.3264393311581058,-0.1576107586510655,-0.2255584272477018,0.20724829327420666,,,,,,,,,,,,,,,,,,,,,,,,,,,,,,,,,,,,,,,,,,,,,,,,,,,,,,,,,,,,,,,,,,,,,,,,,,,,,,,,,,,,,,,,,,,,
0.1424403966585765,0,10,0.554515369821733,0.09890570759189463,0.09980524426219547,0.25777135427186787,-0.34853151281008593,-0.9384095592442641,-0.3850691452280528,-0.415777328095057,,,,,,,,,,,,,,,,,,,,,,,,,,,,,,,,,,,,,,,,,,,,,,,,,,,,,,,,,,,,,,,,,,,,,,,,,,,,,,,,,,,,,,,,,,,,
0.33778091075511774,0,11,0.05427965478302607,-0.02272852399485216,-0.09663034597125193,0.05871903546162328,-0.15122658255992294,-0.31147425152992647,-0.3853320235694037,0.010956082678811476,,,,,,,,,,,,,,,,,,,,,,,,,,,,,,,,,,,,,,,,,,,,,,,,,,,,,,,,,,,,,,,,,,,,,,,,,,,,,,,,,,,,,,,,,,,,
-0.2213107738776456,0,12,0.13619787692234836,0.3599785467650885,0.09242614759312041,-0.08740389205469634,-0.18538690050509601,0.3185635713497621,0.2527037931629114,0.09498066466657362,,,,,,,,,,,,,,,,,,,,,,,,,,,,,,,,,,,,,,,,,,,,,,,,,,,,,,,,,,,,,,,,,,,,,,,,,,,,,,,,,,,,,,,,,,,,
0.3923118646123839,0,13,0.12259155421468981,-0.2531327277775889,-0.05040834587214693,-0.04550536111091425,-0.10414512876886135,-0.014420821838273878,-0.14259771142973762,-0.10480773899127595,,,,,,,,,,,,,,,,,,,,,,,,,,,,,,,,,,,,,,,,,,,,,,,,,,,,,,,,,,,,,,,,,,,,,,,,,,,,,,,,,,,,,,,,,,,,
-0.18270351480122493,0,14,-1.0952924176071583e-26,-6.080691647326532e-38,-2.4154816907990836e-23,-2.0535475137308106e-52,2.1764935784519895e-41,-2.0187968360194418e-56,-5.601106031884508e-29,-9.536113549990514e-35,,,,,,,,,,,,,,,,,,,,,,,,,,,,,,,,,,,,,,,,,,,,,,,,,,,,,,,,,,,,,,,,,,,,,,,,,,,,,,,,,,,,,,,,,,,,
-0.13555974211014954,0,15,-4.8691984444189115e-28,1.3723982585643679e-57,6.639427512692075e-44,3.9416794511841554e-44,1.2054096500359934e-44,4.144195112223423e-48,4.1012235856505076e-53,-3.0278971519728224e-39,,,,,,,,,,,,,,,,,,,,,,,,,,,,,,,,,,,,,,,,,,,,,,,,,,,,,,,,,,,,,,,,,,,,,,,,,,,,,,,,,,,,,,,,,,,,
-0.1494195390537757,0,16,-2.5570332105859393e-23,-1.0291290856496319e-31,2.9110580674895205e-51,-1.919865105914959e-59,2.2799832313044982e-32,-8.464521788070954e-40,1.0891906830729018e-58,2.230974366438451e-60,,,,,,,,,,,,,,,,,,,,,,,,,,,,,,,,,,,,,,,,,,,,,,,,,,,,,,,,,,,,,,,,,,,,,,,,,,,,,,,,,,,,,,,,,,,,
-0.07729254506285342,0,17,0.11783837283525725,0.001081632965512505,-0.06723420794321641,-0.003967016265828164,-0.14561110315538228,-0.09821335124817517,0.03821208224163593,-0.00200122670997692,,,,,,,,,,,,,,,,,,,,,,,,,,,,,,,,,,,,,,,,,,,,,,,,,,,,,,,,,,,,,,,,,,,,,,,,,,,,,,,,,,,,,,,,,,,,
-0.029188979783779982,0,18,0.2005149015441603,0.38455537180893445,0.033960717423544534,0.19779808448920208,-0.21259148322338578,0.21625552264423478,-0.0662114153607698,-0.12662137479833727,,,,,,,,,,,,,,,,,,,,,,,,,,,,,,,,,,,,,,,,,,,,,,,,,,,,,,,,,,,,,,,,,,,,,,,,,,,,,,,,,,,,,,,,,,,,
0.14232275480207351,0,19,0.1008902121239879,-0.08910755867583,0.17035196550385395,0.08208712363501242,0.06352230851155469,0.06578323915342753,0.2382556323035613,0.1621315805135154,,,,,,,,,,,,,,,,,,,,,,,,,,,,,,,,,,,,,,,,,,,,,,,,,,,,,,,,,,,,,,,,,,,,,,,,,,,,,,,,,,,,,,,,,,,,
-0.1768230691909377,0,20,0.31844756436201554,0.3730698392918826,0.04810940380652599,-0.03998989532169989,0.20632444530413518,0.21153851435475796,-0.05117115059272327,0.07771075241073955,,,,,,,,,,,,,,,,,,,,,,,,,,,,,,,,,,,,,,,,,,,,,,,,,,,,,,,,,,,,,,,,,,,,,,,,,,,,,,,,,,,,,,,,,,,,
-0.3316744974326085,0,21,0.3260670715341744,0.33969576368140303,0.2699384046075577,0.010993810401314244,0.2721971065804624,0.1568222474355282,0.21006658583994972,0.1906728454449007,,,,,,,,,,,,,,,,,,,,,,,,,,,,,,,,,,,,,,,,,,,,,,,,,,,,,,,,,,,,,,,,,,,,,,,,,,,,,,,,,,,,,,,,,,,,
0.42779362995328657,0,22,-0.2621783816424524,-0.21140916348355376,0.3298346586675413,-0.28086786861748103,0.43864978584773423,-0.31381918148566484,0.021087964198033226,-1.224419893590803,,,,,,,,,,,,,,,,,,,,,,,,,,,,,,,,,,,,,,,,,,,,,,,,,,,,,,,,,,,,,,,,,,,,,,,,,,,,,,,,,,,,,,,,,,,,
-0.2834137756137287,0,23,0.2506111344591838,0.36131655852055816,0.17772487159458522,0.02618096258585456,-0.13731182760691954,0.33724594090602833,0.21070156688563046,0.16082022202169194,,,,,,,,,,,,,,,,,,,,,,,,,,,,,,,,,,,,,,,,,,,,,,,,,,,,,,,,,,,,,,,,,,,,,,,,,,,,,,,,,,,,,,,,,,,,
-0.13753073587601386,0,24,9.628264543279111e-32,-1.4828485349451942e-59,7.297013405283629e-38,-1.679162025975097e-45,-1.0017085963702365e-54,-1.23316766379768e-22,1.5951739321850932e-23,-1.5296155112345257e-57,,,,,,,,,,,,,,,,,,,,,,,,,,,,,,,,,,,,,,,,,,,,,,,,,,,,,,,,,,,,,,,,,,,,,,,,,,,,,,,,,,,,,,,,,,,,
0.08956971706496032,0,25,0.13287900644424339,0.2043210754289776,0.19877225190384232,-0.003307184058433296,-0.011835842397063432,0.027792067431193362,0.1745746778678715,0.14919034849258078,,,,,,,,,,,,,,,,,,,,,,,,,,,,,,,,,,,,,,,,,,,,,,,,,,,,,,,,,,,,,,,,,,,,,,,,,,,,,,,,,,,,,,,,,,,,
-0.11270292106795561,0,26,-0.07061342084492594,-0.08280115330896183,-0.26454295404435696,0.09888865876301672,0.6947309457527078,-0.16942538925764677,-0.28961848447218963,0.3734920038066134,,,,,,,,,,,,,,,,,,,,,,,,,,,,,,,,,,,,,,,,,,,,,,,,,,,,,,,,,,,,,,,,,,,,,,,,,,,,,,,,,,,,,,,,,,,,
0.3307650795939037,0,27,0.1168084919054914,-0.28044451450448993,-0.080470032289033,0.13766808068040795,-0.2644476927289576,0.09275957754428996,-0.053112528816808766,0.2631581003105321,,,,,,,,,,,,,,,,,,,,,,,,,,,,,,,,,,,,,,,,,,,,,,,,,,,,,,,,,,,,,,,,,,,,,,,,,,,,,,,,,,,,,,,,,,,,
0.03835114828026617,0,28,0.072540121448154,0.19871313104747654,0.1914894127414462,-0.10706919141716982,0.12698929375041376,-0.1426019835187698,-0.10192638376162194,0.09757723360793356,,,,,,,,,,,,,,,,,,,,,,,,,,,,,,,,,,,,,,,,,,,,,,,,,,,,,,,,,,,,,,,,,,,,,,,,,,,,,,,,,,,,,,,,,,,,
-0.16068000483406186,0,29,7.443207876219326e-59,-3.608885410008221e-48,1.6215571758726292e-46,3.126926325564179e-56,-4.9755336886418216e-48,-3.1658194570410185e-58,-3.9303055684272294e-35,5.1524399563654266e-55,,,,,,,,,,,,,,,,,,,,,,,,,,,,,,,,,,,,,,,,,,,,,,,,,,,,,,,,,,,,,,,,,,,,,,,,,,,,,,,,,,,,,,,,,,,,
0.00778903720323271,0,30,-0.12466526685610187,0.014272065426744513,-0.020188968575107023,2.2872705443498953e-37,-7.820446964190014e-44,-0.023410781137938097,-0.1772117672940896,-0.022252226324458658,,,,,,,,,,,,,,,,,,,,,,,,,,,,,,,,,,,,,,,,,,,,,,,,,,,,,,,,,,,,,,,,,,,,,,,,,,,,,,,,,,,,,,,,,,,,
-0.18117873109633936,0,31,-3.0005332022484526e-42,5.773119063570309e-60,5.596653400442781e-41,-1.6848579390580645e-41,5.524091911040955e-53,4.519227961973913e-53,-5.135430550302771e-44,-1.7342683733746673e-57,,,,,,,,,,,,,,,,,,,,,,,,,,,,,,,,,,,,,,,,,,,,,,,,,,,,,,,,,,,,,,,,,,,,,,,,,,,,,,,,,,,,,,,,,,,,
0.372428872281523,0,32,-0.05294953979704725,-0.3286174825915197,0.11863297866159894,-0.07522199001947025,-0.1065939251231235,-0.020065254301402075,-0.07195976556139569,0.07065639303531757,,,,,,,,,,,,,,,,,,,,,,,,,,,,,,,,,,,,,,,,,,,,,,,,,,,,,,,,,,,,,,,,,,,,,,,,,,,,,,,,,,,,,,,,,,,,
0.4210353522941027,0,33,0.01691371859895659,-0.21546726428387372,0.1322130784870344,0.22163186479707306,0.22275282603379282,-0.2053882405707514,-0.17835031348970543,-0.6947027102431212,,,,,,,,,,,,,,,,,,,,,,,,,,,,,,,,,,,,,,,,,,,,,,,,,,,,,,,,,,,,,,,,,,,,,,,,,,,,,,,,,,,,,,,,,,,,
0.48530809961577115,0,34,-0.6516138731036316,-0.13249802749869838,0.011529301787620926,0.308822003495961,0.43134707921619997,-0.2876122621180093,0.16160656717091254,-0.2298696978746157,,,,,,,,,,,,,,,,,,,,,,,,,,,,,,,,,,,,,,,,,,,,,,,,,,,,,,,,,,,,,,,,,,,,,,,,,,,,,,,,,,,,,,,,,,,,
-0.14533985127617985,0,35,0.1716581691907036,0.33205367560940147,0.008075328675544282,0.22754450506841284,-0.022174011018231486,0.0610883976609826,0.2608099998901015,0.06384147725643384,,,,,,,,,,,,,,,,,,,,,,,,,,,,,,,,,,,,,,,,,,,,,,,,,,,,,,,,,,,,,,,,,,,,,,,,,,,,,,,,,,,,,,,,,,,,
0.4134548804377309,0,36,-0.05467034637610061,-0.20719980805717467,0.07229195466692695,0.1343057746682141,0.0018480319771910355,-0.07705245215443024,-0.5577153978491384,-0.23983849426256562,,,,,,,,,,,,,,,,,,,,,,,,,,,,,,,,,,,,,,,,,,,,,,,,,,,,,,,,,,,,,,,,,,,,,,,,,,,,,,,,,,,,,,,,,,,,
-0.2124389437831693,0,37,-1.3240061715219408e-56,-1.1627715047608625e-53,2.202899121877515e-62,-8.380768371257152e-56,-5.51079968696567e-48,-8.872544101285909e-50,-3.503195050022138e-30,-7.389049872361646e-63,,,,,,,,,,,,,,,,,,,,,,,,,,,,,,,,,,,,,,,,,,,,,,,,,,,,,,,,,,,,,,,,,,,,,,,,,,,,,,,,,,,,,,,,,,,,
-0.052538965843864714,0,38,0.5078341939645634,-0.19852595113600655,-0.14464203763009348,-0.39066909019795754,-0.13685959903278008,0.2708135771899338,-0.9010237100864681,-0.42022615166989813,,,,,,,,,,,,,,,,,,,,,,,,,,,,,,,,,,,,,,,,,,,,,,,,,,,,,,,,,,,,,,,,,,,,,,,,,,,,,,,,,,,,,,,,,,,,
-0.028584781314526537,0,39,0.15254729450369361,0.15584264681284815,0.03908944336914631,-0.09111982530756242,-0.07491564818491259,0.329133578577229,0.09299826115540298,-0.2147033443891298,,,,,,,,,,,,,,,,,,,,,,,,,,,,,,,,,,,,,,,,,,,,,,,,,,,,,,,,,,,,,,,,,,,,,,,,,,,,,,,,,,,,,,,,,,,,
0.24299464081112723,0,40,-0.2355522642154348,-0.0465454218712097,0.36602847439206,-0.1920191801511284,0.22120283703184618,-0.34272109236603393,0.5872867728486029,-0.7752302587190206,,,,,,,,,,,,,,,,,,,,,,,,,,,,,,,,,,,,,,,,,,,,,,,,,,,,,,,,,,,,,,,,,,,,,,,,,,,,,,,,,,,,,,,,,,,,
-0.17155833620875474,0,41,-0.18152906359744891,-0.030202784430993015,-0.3759500360499424,-0.0860200180099821,0.28495049563238833,-0.06578836121010208,0.6812945199920664,0.9525236874456021,,,,,,,,,,,,,,,,,,,,,,,,,,,,,,,,,,,,,,,,,,,,,,,,,,,,,,,,,,,,,,,,,,,,,,,,,,,,,,,,,,,,,,,,,,,,
-0.33241572761729404,0,42,0.4385800816320946,-0.09882509380367258,0.11501009372834177,-0.05482947261798267,0.7658211221115501,0.23224422293174393,0.30263085594803535,-1.071970839857593,,,,,,,,,,,,,,,,,,,,,,,,,,,,,,,,,,,,,,,,,,,,,,,,,,,,,,,,,,,,,,,,,,,,,,,,,,,,,,,,,,,,,,,,,,,,
0.020375564102289707,0,43,-0.18170752731764261,0.6105419279700438,-0.26927227842032087,-0.6480264300364089,-0.9161917946024251,0.3205707722302091,-0.3761199713910849,-0.19203468747104227,,,,,,,,,,,,,,,,,,,,,,,,,,,,,,,,,,,,,,,,,,,,,,,,,,,,,,,,,,,,,,,,,,,,,,,,,,,,,,,,,,,,,,,,,,,,
0.12162216667473114,0,44,0.0017458061657869809,-0.03586978298395259,0.13371865229789845,0.1187091703618055,-0.1333644222675825,0.10353092821948205,-0.0730158481937753,0.05521796367691736,,,,,,,,,,,,,,,,,,,,,,,,,,,,,,,,,,,,,,,,,,,,,,,,,,,,,,,,,,,,,,,,,,,,,,,,,,,,,,,,,,,,,,,,,,,,
0.43563490977894154,0,45,0.10404185890227255,-0.06730082451871386,0.057760092243414836,0.09729973570728889,0.048075969607985033,-0.42150872888301316,-0.6634616982833577,-0.13939639073687582,,,,,,,,,,,,,,,,,,,,,,,,,,,,,,,,,,,,,,,,,,,,,,,,,,,,,,,,,,,,,,,,,,,,,,,,,,,,,,,,,,,,,,,,,,,,
0.11880087422926541,0,46,0.08175883895920527,-0.9796409041783546,0.0987116434784441,0.013988661185583225,0.5850608625066941,0.06747275821819868,0.1602899106404661,0.43015516309300567,,,,,,,,,,,,,,,,,,,,,,,,,,,,,,,,,,,,,,,,,,,,,,,,,,,,,,,,,,,,,,,,,,,,,,,,,,,,,,,,,,,,,,,,,,,,
-0.14538101170103507,0,47,-0.07881030361204532,0.5494191340776083,-0.13823774404048803,-0.18863252917004575,0.22312597499389972,0.28636144768490984,-0.23565518236743424,-0.12725808471943983,,,,,,,,,,,,,,,,,,,,,,,,,,,,,,,,,,,,,,,,,,,,,,,,,,,,,,,,,,,,,,,,,,,,,,,,,,,,,,,,,,,,,,,,,,,,
-0.1708975058442249,0,48,0.04252597418672054,0.4006526818473673,-0.102205165597013,0.14984646192543838,0.2292905535378894,0.2592383397078547,0.22310692195820112,0.20595457004574927,,,,,,,,,,,,,,,,,,,,,,,,,,,,,,,,,,,,,,,,,,,,,,,,,,,,,,,,,,,,,,,,,,,,,,,,,,,,,,,,,,,,,,,,,,,,
-0.14821157299175733,0,49,-0.12357273513997931,0.6492165832133794,-0.038657291334737304,-0.10396567012488439,0.2126702806951004,0.06088751521967577,-0.28105143471905397,-0.11173462825150185,,,,,,,,,,,,,,,,,,,,,,,,,,,,,,,,,,,,,,,,,,,,,,,,,,,,,,,,,,,,,,,,,,,,,,,,,,,,,,,,,,,,,,,,,,,,
0.42130874021600007,0,50,0.028260573336678717,-0.40019789788478255,0.10121438223138918,0.12285466763601134,0.05261078941060604,-0.03273136733228823,-0.40302999841375386,-0.4464591592497199,,,,,,,,,,,,,,,,,,,,,,,,,,,,,,,,,,,,,,,,,,,,,,,,,,,,,,,,,,,,,,,,,,,,,,,,,,,,,,,,,,,,,,,,,,,,
-0.07359465274305126,0,51,0.019536984053940144,0.4785767919203675,0.13462890517790438,-0.2606627106193084,0.28113202463282094,-0.19061422628879338,0.012101943632255686,-0.0713792163338014,,,,,,,,,,,,,,,,,,,,,,,,,,,,,,,,,,,,,,,,,,,,,,,,,,,,,,,,,,,,,,,,,,,,,,,,,,,,,,,,,,,,,,,,,,,,
-0.3201983786590414,0,52,0.35391343991104635,0.0370045113895631,0.32950066641281406,0.0044951475222970985,-0.6733359861632299,-0.20607646371806168,-0.30307376013503823,0.7617503932363408,,,,,,,,,,,,,,,,,,,,,,,,,,,,,,,,,,,,,,,,,,,,,,,,,,,,,,,,,,,,,,,,,,,,,,,,,,,,,,,,,,,,,,,,,,,,
0.31641868536417794,0,53,-0.2745991086778885,-0.14206933640963632,0.1270297357058703,0.002479372284849708,-0.1774806193882791,-0.08869090838083592,-0.2177632999237762,0.12431734100871149,,,,,,,,,,,,,,,,,,,,,,,,,,,,,,,,,,,,,,,,,,,,,,,,,,,,,,,,,,,,,,,,,,,,,,,,,,,,,,,,,,,,,,,,,,,,
0.39442034794358843,0,54,-0.17379960492506508,-0.362670968403701,0.21547764034632821,-0.0030820546565336173,0.22791152052070465,-0.021698872640015618,0.18650116662630264,-0.0407191408146153,,,,,,,,,,,,,,,,,,,,,,,,,,,,,,,,,,,,,,,,,,,,,,,,,,,,,,,,,,,,,,,,,,,,,,,,,,,,,,,,,,,,,,,,,,,,
0.47058668576504775,0,55,-0.014229902029584041,-0.08611761667488284,-0.12908514140509536,0.31964487006162684,-0.2930038900000799,-0.36876619338709216,-0.5646546603354368,0.06442430179338206,,,,,,,,,,,,,,,,,,,,,,,,,,,,,,,,,,,,,,,,,,,,,,,,,,,,,,,,,,,,,,,,,,,,,,,,,,,,,,,,,,,,,,,,,,,,
-0.1522609347584484,0,56,-1.0906320827345939e-53,4.55094532353818e-40,-3.1454916025667776e-61,5.849644794414389e-47,3.4091738112827794e-50,9.79348347741335e-45,-9.899787912372207e-63,-1.4939761271693926e-55,,,,,,,,,,,,,,,,,,,,,,,,,,,,,,,,,,,,,,,,,,,,,,,,,,,,,,,,,,,,,,,,,,,,,,,,,,,,,,,,,,,,,,,,,,,,
-0.02101537500958744,0,57,-1.9854799624093926e-11,0.0012236833526162593,0.0021876270477845,3.5528949741140445e-32,-9.641002927871974e-26,-0.0004569953944531523,-7.648633191363384e-11,-1.5525399612301867e-20,,,,,,,,,,,,,,,,,,,,,,,,,,,,,,,,,,,,,,,,,,,,,,,,,,,,,,,,,,,,,,,,,,,,,,,,,,,,,,,,,,,,,,,,,,,,
-0.2694696125579701,0,58,0.017074433374763,0.2742428099453403,0.28601055003241976,0.0845600302782535,0.05088926213485768,0.36946235072770406,-0.0032998411674735034,-0.06836019956571081,,,,,,,,,,,,,,,,,,,,,,,,,,,,,,,,,,,,,,,,,,,,,,,,,,,,,,,,,,,,,,,,,,,,,,,,,,,,,,,,,,,,,,,,,,,,
-0.19639966095113812,0,59,-0.09986097201461622,0.11254582903403729,-0.011897999889318667,0.34886496765280395,0.17697286433031845,0.5464869826832328,0.2630523664388102,-0.08861278341153335,,,,,,,,,,,,,,,,,,,,,,,,,,,,,,,,,,,,,,,,,,,,,,,,,,,,,,,,,,,,,,,,,,,,,,,,,,,,,,,,,,,,,,,,,,,,
0.39255107292793534,0,60,-0.28593915142454956,-0.02657572360022915,-0.11950140705681692,-0.1832615806517193,-0.35001769691106394,-0.14791350067000134,-0.2080023750763819,0.38217256435035724,,,,,,,,,,,,,,,,,,,,,,,,,,,,,,,,,,,,,,,,,,,,,,,,,,,,,,,,,,,,,,,,,,,,,,,,,,,,,,,,,,,,,,,,,,,,
0.28527269159094976,0,61,-0.19550876676125997,-0.07196181691811773,-0.17392078213968906,0.15012125114277394,0.06850132767767499,-0.1340059911782387,0.356200679198848,0.11286928892952415,,,,,,,,,,,,,,,,,,,,,,,,,,,,,,,,,,,,,,,,,,,,,,,,,,,,,,,,,,,,,,,,,,,,,,,,,,,,,,,,,,,,,,,,,,,,
-0.14671815202307353,0,62,0.03745090845666684,0.05915069925147357,-0.21842052147955185,0.005169452351905793,-0.039028385640727074,0.1775534517534598,-0.20872560572386117,-0.06823399166813686,,,,,,,,,,,,,,,,,,,,,,,,,,,,,,,,,,,,,,,,,,,,,,,,,,,,,,,,,,,,,,,,,,,,,,,,,,,,,,,,,,,,,,,,,,,,
0.23247490840411172,0,63,-0.4576996250987966,-0.20513199045133934,0.4179285377749694,-0.21047835498142337,0.048729602214243446,0.027326104114451168,-0.3812315025548564,-1.043487185454576,,,,,,,,,,,,,,,,,,,,,,,,,,,,,,,,,,,,,,,,,,,,,,,,,,,,,,,,,,,,,,,,,,,,,,,,,,,,,,,,,,,,,,,,,,,,
0.1927047796626717,0,64,-0.21926267598780386,0.02675324113870361,0.09994553954818251,0.15270410831887418,-0.11416457014116506,-0.12632670642596386,-0.045007086929694934,0.21019650448330596,,,,,,,,,,,,,,,,,,,,,,,,,,,,,,,,,,,,,,,,,,,,,,,,,,,,,,,,,,,,,,,,,,,,,,,,,,,,,,,,,,,,,,,,,,,,
0.3722391752602512,0,65,-0.1409081813499944,-0.038410694799330326,0.15749292570383366,-0.047816008816185036,-0.14474653967567433,0.06503123388579612,-0.0489708850604643,0.24154620036647415,,,,,,,,,,,,,,,,,,,,,,,,,,,,,,,,,,,,,,,,,,,,,,,,,,,,,,,,,,,,,,,,,,,,,,,,,,,,,,,,,,,,,,,,,,,,
-0.16602804333814528,0,66,-3.338561286523155e-37,-7.642692660604131e-23,1.0559841705481102e-47,-8.1091135603355885e-47,7.714814951635633e-62,-4.275352330284902e-62,-3.3961237187214744e-54,1.1991972143557983e-22,,,,,,,,,,,,,,,,,,,,,,,,,,,,,,,,,,,,,,,,,,,,,,,,,,,,,,,,,,,,,,,,,,,,,,,,,,,,,,,,,,,,,,,,,,,,
-0.24287739721961227,0,67,-0.18746434884631705,0.25621174872962893,0.08973554308713592,0.12830053940015348,-0.43239461711168925,0.5650729833749837,0.022429707399297494,-0.11541667177858941,,,,,,,,,,,,,,,,,,,,,,,,,,,,,,,,,,,,,,,,,,,,,,,,,,,,,,,,,,,,,,,,,,,,,,,,,,,,,,,,,,,,,,,,,,,,
0.30479125276814795,0,68,0.08671895083807306,-0.07042307415251839,-0.1936491830087603,0.16571124234931317,0.17037233266367213,0.04441089878550372,0.10827246491356175,0.25443778968894587,,,,,,,,,,,,,,,,,,,,,,,,,,,,,,,,,,,,,,,,,,,,,,,,,,,,,,,,,,,,,,,,,,,,,,,,,,,,,,,,,,,,,,,,,,,,
-0.07501053221424686,0,69,-0.49560378228427965,0.05578074435871748,-0.020322986806325237,0.03207902740773381,-0.5739337747541715,0.5724554994495201,0.3227911299593823,0.10053512232586116,,,,,,,,,,,,,,,,,,,,,,,,,,,,,,,,,,,,,,,,,,,,,,,,,,,,,,,,,,,,,,,,,,,,,,,,,,,,,,,,,,,,,,,,,,,,
0.07300321917417388,0,70,0.28946239669901835,0.17048033817672764,0.21828512007851875,0.11383763229286097,-0.015094755543685516,0.29216037161098046,-0.06493964863311603,0.04145768371484799,,,,,,,,,,,,,,,,,,,,,,,,,,,,,,,,,,,,,,,,,,,,,,,,,,,,,,,,,,,,,,,,,,,,,,,,,,,,,,,,,,,,,,,,,,,,
-0.14824828481544322,0,71,-2.054527831463552e-62,-1.8464458385036637e-25,-8.291890665116297e-32,2.8766206265337523e-52,1.1241230477588718e-25,-2.9254177255656837e-24,4.2470984432876445e-60,3.4851053523746306e-44,,,,,,,,,,,,,,,,,,,,,,,,,,,,,,,,,,,,,,,,,,,,,,,,,,,,,,,,,,,,,,,,,,,,,,,,,,,,,,,,,,,,,,,,,,,,
-0.08063309284639104,0,72,0.6285642596917584,-0.14649986485597627,-0.1877072865257849,0.6663911128926496,0.3305868880136911,-0.13579483825456512,0.6556970516658274,-0.2868718063660527,,,,,,,,,,,,,,,,,,,,,,,,,,,,,,,,,,,,,,,,,,,,,,,,,,,,,,,,,,,,,,,,,,,,,,,,,,,,,,,,,,,,,,,,,,,,
0.3764669321135153,0,73,-0.0030100834027650953,-0.2615836895589865,0.3769434928113632,0.14867003225925565,0.13714498495491706,-0.040727818569093716,-0.5028200165304837,-0.7757556950468423,,,,,,,,,,,,,,,,,,,,,,,,,,,,,,,,,,,,,,,,,,,,,,,,,,,,,,,,,,,,,,,,,,,,,,,,,,,,,,,,,,,,,,,,,,,,
-0.1987675282439072,0,74,0.20949450288294633,0.38774998300804087,-0.0934618167311762,-0.03009474345196803,0.20157842883018984,0.4054781797519352,0.18007327429331207,0.1674777866816553,,,,,,,,,,,,,,,,,,,,,,,,,,,,,,,,,,,,,,,,,,,,,,,,,,,,,,,,,,,,,,,,,,,,,,,,,,,,,,,,,,,,,,,,,,,,
0.3470149305409285,0,75,-0.3238596987093253,-0.2782649825702905,0.35046957658244804,-0.6123678175235531,0.3515235766983698,-0.27966575834638585,0.1323457492359837,-0.5837093641056104,,,,,,,,,,,,,,,,,,,,,,,,,,,,,,,,,,,,,,,,,,,,,,,,,,,,,,,,,,,,,,,,,,,,,,,,,,,,,,,,,,,,,,,,,,,,
0.38731034248842694,0,76,-0.28568817971908267,-0.23115259258546159,0.32315378462729755,0.08371105584098418,0.21439769620572202,-0.28208182677332494,0.1268098008966595,-0.6531438238892782,,,,,,,,,,,,,,,,,,,,,,,,,,,,,,,,,,,,,,,,,,,,,,,,,,,,,,,,,,,,,,,,,,,,,,,,,,,,,,,,,,,,,,,,,,,,
0.0781043019787277,0,77,-0.19947923387826458,0.06596302075074545,0.17348273834040875,0.19896356009024246,0.20595845613791786,0.08894296989020986,0.008102855837504232,0.006078218343728333,,,,,,,,,,,,,,,,,,,,,,,,,,,,,,,,,,,,,,,,,,,,,,,,,,,,,,,,,,,,,,,,,,,,,,,,,,,,,,,,,,,,,,,,,,,,
0.37012565456306795,0,78,-0.17673095875834352,-0.1296229965716929,0.088941219526412,-0.04588213264656781,0.25155332012975185,-0.17493708753160636,-0.1726579366578208,0.17336810104993094,,,,,,,,,,,,,,,,,,,,,,,,,,,,,,,,,,,,,,,,,,,,,,,,,,,,,,,,,,,,,,,,,,,,,,,,,,,,,,,,,,,,,,,,,,,,
0.31537410292695955,0,79,-0.11452922998216657,-0.41693782449546196,0.16423781562374334,0.04527462798861551,-0.16678605794888396,0.07511771374176035,-0.0441865700215643,0.3372870757640816,,,,,,,,,,,,,,,,,,,,,,,,,,,,,,,,,,,,,,,,,,,,,,,,,,,,,,,,,,,,,,,,,,,,,,,,,,,,,,,,,,,,,,,,,,,,
0.07712416234456225,0,80,-0.09301949295272205,-0.17336628923594588,-0.10332151596007635,0.11881760307241679,-0.00047907507369610513,-0.15585969671106653,-0.046488967986779164,-0.0757506023324438,,,,,,,,,,,,,,,,,,,,,,,,,,,,,,,,,,,,,,,,,,,,,,,,,,,,,,,,,,,,,,,,,,,,,,,,,,,,,,,,,,,,,,,,,,,,
-0.2700886228152316,0,81,-0.12926020691539022,0.4733972510745089,0.07566719836406581,-0.06997192255454396,-0.14832281658005705,0.28232831809347975,-0.017435858950307644,-0.10613957972292637,,,,,,,,,,,,,,,,,,,,,,,,,,,,,,,,,,,,,,,,,,,,,,,,,,,,,,,,,,,,,,,,,,,,,,,,,,,,,,,,,,,,,,,,,,,,
-0.09536152302812526,0,82,-1.378376278343208,0.27603519807622245,0.13754686739161945,0.2908702654337574,0.6036731824182997,-0.056411867883207144,-0.4171310199694113,0.45124330848023564,,,,,,,,,,,,,,,,,,,,,,,,,,,,,,,,,,,,,,,,,,,,,,,,,,,,,,,,,,,,,,,,,,,,,,,,,,,,,,,,,,,,,,,,,,,,
0.44344832197575473,0,83,0.1007943195755701,-0.29778971386886766,-0.08005248896157556,0.12552841949869287,-0.05578411109792775,-0.28486302729053214,0.22234959311122054,0.3934756771352057,,,,,,,,,,,,,,,,,,,,,,,,,,,,,,,,,,,,,,,,,,,,,,,,,,,,,,,,,,,,,,,,,,,,,,,,,,,,,,,,,,,,,,,,,,,,
0.007185662851315398,0,84,0.09984080780846968,0.40462652608502536,-0.07213413582183179,0.1781908460174823,-0.20349642250395997,0.22498328656948685,-0.19068708292862827,-0.22070953906140917,,,,,,,,,,,,,,,,,,,,,,,,,,,,,,,,,,,,,,,,,,,,,,,,,,,,,,,,,,,,,,,,,,,,,,,,,,,,,,,,,,,,,,,,,,,,
-0.07328904364571592,0,85,-8.87487411510114e-46,2.9649458461463265e-57,-5.981256776572348e-35,2.0501485221920194e-28,-1.254300583078435e-57,4.322138777967063e-44,1.7420877244764112e-58,-6.293390811514223e-35,,,,,,,,,,,,,,,,,,,,,,,,,,,,,,,,,,,,,,,,,,,,,,,,,,,,,,,,,,,,,,,,,,,,,,,,,,,,,,,,,,,,,,,,,,,,
0.020046650692903303,0,86,0.08068637147686379,0.09717320186535812,0.21740966768084397,0.1595872264433986,-0.053933935702521335,-0.20963697404842127,0.12141522896192782,-0.04163366704016053,,,,,,,,,,,,,,,,,,,,,,,,,,,,,,,,,,,,,,,,,,,,,,,,,,,,,,,,,,,,,,,,,,,,,,,,,,,,,,,,,,,,,,,,,,,,
0.03420121623925157,0,87,-0.25360227063150703,-0.02889641876719196,-0.047193631645836065,-0.1974154146202062,0.14518819589833112,-0.2357056345954936,-0.0025473071778596237,-0.24355489214851322,,,,,,,,,,,,,,,,,,,,,,,,,,,,,,,,,,,,,,,,,,,,,,,,,,,,,,,,,,,,,,,,,,,,,,,,,,,,,,,,,,,,,,,,,,,,
-0.15266274552490078,0,88,0.11945746620806452,0.21952880764980845,-0.03574691160668527,-0.4226204623384704,0.6802004489376775,-0.5676904745708937,0.467729600545593,-0.5402576243272451,,,,,,,,,,,,,,,,,,,,,,,,,,,,,,,,,,,,,,,,,,,,,,,,,,,,,,,,,,,,,,,,,,,,,,,,,,,,,,,,,,,,,,,,,,,,
0.09257004103554077,0,89,0.26213505838847057,0.03739100887552246,0.07034343187132708,-0.0377516493984168,0.01548539462129453,0.2512687842498687,-0.1953687447592168,-0.21236830272740914,,,,,,,,,,,,,,,,,,,,,,,,,,,,,,,,,,,,,,,,,,,,,,,,,,,,,,,,,,,,,,,,,,,,,,,,,,,,,,,,,,,,,,,,,,,,
-0.08987869293065856,0,90,-0.0900610424674326,-0.14021111520394183,-0.15869902002937875,-0.5574306017864781,-0.17436253864043935,0.07466125966474042,0.43060236914403044,0.8383819667761233,,,,,,,,,,,,,,,,,,,,,,,,,,,,,,,,,,,,,,,,,,,,,,,,,,,,,,,,,,,,,,,,,,,,,,,,,,,,,,,,,,,,,,,,,,,,
0.0695469708345577,0,91,0.46242745061686497,-0.3421276041567705,-0.2551144879046615,-0.15772780971012845,-1.0790383074832837,0.3813770410137433,-1.474409745940752,-0.2009275736926686,,,,,,,,,,,,,,,,,,,,,,,,,,,,,,,,,,,,,,,,,,,,,,,,,,,,,,,,,,,,,,,,,,,,,,,,,,,,,,,,,,,,,,,,,,,,
0.2226337115054295,0,92,-0.14991210112429654,-0.28902265003440425,0.22041626992420932,-0.05965861387570822,0.21783016914141554,-0.001447355894596224,0.1137473848159499,0.16882378072242726,,,,,,,,,,,,,,,,,,,,,,,,,,,,,,,,,,,,,,,,,,,,,,,,,,,,,,,,,,,,,,,,,,,,,,,,,,,,,,,,,,,,,,,,,,,,
0.4632273097370594,0,93,0.0858801360082036,-0.14053737486428122,0.20160409675621138,0.13222253961686847,-0.04152423246852679,-0.17720207601667842,-0.6397471365689718,-0.9580280985492741,,,,,,,,,,,,,,,,,,,,,,,,,,,,,,,,,,,,,,,,,,,,,,,,,,,,,,,,,,,,,,,,,,,,,,,,,,,,,,,,,,,,,,,,,,,,
-0.17023253661106372,0,94,-0.09622679937999752,0.5246973639280262,-0.02545596673063644,-0.1639609131414685,0.09277873579895715,0.059047211525854244,-0.10706732003993628,0.042994519647365996,,,,,,,,,,,,,,,,,,,,,,,,,,,,,,,,,,,,,,,,,,,,,,,,,,,,,,,,,,,,,,,,,,,,,,,,,,,,,,,,,,,,,,,,,,,,
0.24287722273956125,0,95,-0.1028501164024293,-0.2100851539607608,-0.14277836270786673,0.2721250973072182,-0.16193595066258584,0.11662468231394714,-0.3214889059846333,0.12839305031944434,,,,,,,,,,,,,,,,,,,,,,,,,,,,,,,,,,,,,,,,,,,,,,,,,,,,,,,,,,,,,,,,,,,,,,,,,,,,,,,,,,,,,,,,,,,,
0.5410393383912668,0,96,-0.057106967175902024,-0.2804330519349583,-0.07595293365921456,0.13570411783000988,-0.23250683793668778,-0.22335562131153128,-0.4107047986523467,-0.06720412943042973,,,,,,,,,,,,,,,,,,,,,,,,,,,,,,,,,,,,,,,,,,,,,,,,,,,,,,,,,,,,,,,,,,,,,,,,,,,,,,,,,,,,,,,,,,,,
0.01579129572418472,0,97,-0.25737343559225356,-0.15234044235889396,0.12105029043214094,-0.10094432333881317,-0.06872944716620862,-0.055795902817356406,-0.2592961885697153,-0.15720705421187936,,,,,,,,,,,,,,,,,,,,,,,,,,,,,,,,,,,,,,,,,,,,,,,,,,,,,,,,,,,,,,,,,,,,,,,,,,,,,,,,,,,,,,,,,,,,
0.27253034065394466,0,98,0.11071705705997595,-0.28725172233618174,0.3319427575132676,-0.1401837523146519,0.042158212345102114,-0.05750240109337755,0.09726444810980797,-0.03647969891005341,,,,,,,,,,,,,,,,,,,,,,,,,,,,,,,,,,,,,,,,,,,,,,,,,,,,,,,,,,,,,,,,,,,,,,,,,,,,,,,,,,,,,,,,,,,,
-0.1780272770737326,0,99,-0.32190429094117584,0.17797665488118705,0.21678105421727004,-0.025142220515042852,-0.26465715428938946,0.4874197702494441,0.011334084528049475,-0.07079959139806169,,,,,,,,,,,,,,,,,,,,,,,,,,,,,,,,,,,,,,,,,,,,,,,,,,,,,,,,,,,,,,,,,,,,,,,,,,,,,,,,,,,,,,,,,,,,
-0.0803904865464769,1,0,-3.5531577541028493e-37,-0.7051228975481068,-0.11284882562238446,-0.16567486417457727,0.12749732194493232,1.0836314426028957,-0.3109350756930361,-0.03319157685929565,-0.7765658937866393,-0.31848210425905443,2.459829922459594,-0.8411820175231377,0.5440509859392672,-0.48980587333413245,-7.651333500215969e-32,-5.019557290952507e-60,7.51157546464481e-55,-0.04465530810502111,0.23745372007755494,-0.10137591249010826,0.3019761197923758,0.29382180111326706,-1.279200053557614,0.5023054438038888,-4.012641190891013e-61,0.12396033823275004,2.392606819339173,-0.4028382636938931,0.08068627960232636,-3.5271161146444193e-40,0.148951639720405,-9.83776890723419e-24,-0.43278491901533445,-1.0363055958882024,-0.6856431553455206,0.4256141686563395,-0.5156575055490651,2.8926535351027075e-33,-1.5000089287678005,0.23671612667248704,-1.0677554522395671,-1.6392887019940598,-1.793326732962398,1.1271709864839337,-0.02035785729797462,-0.6949578108735455,1.3675797108957333,0.4727314930374952,0.36450181733508924,0.7180034643600784,-0.6623165374593789,0.4735284237160418,-1.276164494974983,-0.306228529754649,-0.3383260216319462,-0.8194349662797318,3.453219725084271e-64,7.197962591648547e-06,0.6728600519943988,0.6163747999845851,-0.5172152035999741,-0.2592998798713083,-0.14747440237786916,-0.7497566736100804,-0.1165459436356709,-0.15096775727875134,-2.445850027592095e-63,0.8948035002885684,-0.2765352869536071,1.0361389376606795,0.11836918418826825,-6.402097212419761e-36,1.5293671510945044,-0.7814152186982444,0.4964610715508715,-1.227353393310042,-0.814111177337202,-0.035287318680104686,-0.23965592055862567,-0.24336614196170026,0.14365373425091252,0.8172772400193357,1.4456590524616897,-0.5645209599340439,0.3552370320170194,3.4481558530679944e-64,0.13129442787249868,0.09290513148862367,-1.280669049332226,0.11042463224926166,-1.6945483662567478,-2.5717997830461656,-0.45072586092274425,-0.8894533928309312,0.5717384409326675,-0.529758080265975,-0.7062662697982454,0.17690606775387968,-0.4411076617136925,0.4492876799387198
