Tree_id,ID,X_0,X_1,X_2,X_3,threshold,prediction,initial_prediction,learning_rate,node_ID
0,1,1,0.0,0.0,0.0,0.5309236347675323,1.9630598473836531,0,1.0,0.0
0,1,0.0,1.0,0.0,0.0,0.7984523773193359,1.9630598473836531,0,1.0,1.0
0,2,1,0.0,0.0,0.0,0.5309236347675323,-1.0291525034780489,0,1.0,0.0
0,2,0.0,-1.0,0.0,0.0,-0.7984623773193359,-1.0291525034780489,0,1.0,1.0
0,3,-1,0.0,0.0,0.0,-0.5309336347675323,1.2849647892374105,0,1.0,0.0
0,3,0.0,0.0,1.0,0.0,0.0387726966291666,1.2849647892374105,0,1.0,4.0
0,4,-1,0.0,0.0,0.0,-0.5309336347675323,-1.5297422645446546,0,1.0,0.0
0,4,0.0,0.0,-1.0,0.0,-0.038782696629166606,-1.5297422645446546,0,1.0,4.0
1,1,1,0.0,0.0,0.0,0.633591502904892,0.9543152076917245,0,1.0,0.0
1,1,0.0,1.0,0.0,0.0,0.7126983404159546,0.9543152076917245,0,1.0,1.0
1,2,1,0.0,0.0,0.0,0.633591502904892,-0.6859406724085597,0,1.0,0.0
1,2,0.0,-1.0,0.0,0.0,-0.7127083404159545,-0.6859406724085597,0,1.0,1.0
1,3,-1,0.0,0.0,0.0,-0.6336015029048919,-2.3966360642438804,0,1.0,0.0
1,3,0.0,0.0,1.0,0.0,0.03827514313161373,-2.3966360642438804,0,1.0,4.0
1,4,-1,0.0,0.0,0.0,-0.6336015029048919,-1.1399517847326484,0,1.0,0.0
1,4,0.0,0.0,-1.0,0.0,-0.038285143131613734,-1.1399517847326484,0,1.0,4.0
2,1,1,0.0,0.0,0.0,0.1368907243013382,1.340640578499444,0,1.0,0.0
2,1,0.0,1.0,0.0,0.0,0.7969425320625305,1.340640578499444,0,1.0,1.0
2,2,1,0.0,0.0,0.0,0.1368907243013382,7.941936529350235,0,1.0,0.0
2,2,0.0,-1.0,0.0,0.0,-0.7969525320625305,7.941936529350235,0,1.0,1.0
2,3,-1,0.0,0.0,0.0,-0.1369007243013382,0.553067003608534,0,1.0,0.0
2,3,0.0,0.0,1.0,0.0,0.23597217351198196,0.553067003608534,0,1.0,4.0
2,4,-1,0.0,0.0,0.0,-0.1369007243013382,-0.9753234653443882,0,1.0,0.0
2,4,0.0,0.0,-1.0,0.0,-0.23598217351198197,-0.9753234653443882,0,1.0,4.0
3,1,0.0,1,0.0,0.0,0.7084794044494629,1.9921433205378785,0,1.0,0.0
3,1,0.0,0.0,1.0,0.0,0.1508195623755455,1.9921433205378785,0,1.0,1.0
3,2,0.0,1,0.0,0.0,0.7084794044494629,0.23886066578961085,0,1.0,0.0
3,2,0.0,0.0,-1.0,0.0,-0.1508295623755455,0.23886066578961085,0,1.0,1.0
3,3,0.0,-1,0.0,0.0,-0.7084894044494628,1.2622226922986768,0,1.0,0.0
3,3,1.0,0.0,0.0,0.0,0.26497991383075714,1.2622226922986768,0,1.0,4.0
3,4,0.0,-1,0.0,0.0,-0.7084894044494628,-1.260219812590503,0,1.0,0.0
3,4,-1.0,0.0,0.0,0.0,-0.26498991383075715,-1.260219812590503,0,1.0,4.0
4,1,1,0.0,0.0,0.0,0.37932413816452026,1.1405087369070848,0,1.0,0.0
4,1,0.0,1.0,0.0,0.0,0.5454506576061249,1.1405087369070848,0,1.0,1.0
4,2,1,0.0,0.0,0.0,0.37932413816452026,0.56634831135849,0,1.0,0.0
4,2,0.0,-1.0,0.0,0.0,-0.5454606576061248,0.56634831135849,0,1.0,1.0
4,3,-1,0.0,0.0,0.0,-0.3793341381645203,-0.2570540856557607,0,1.0,0.0
4,3,0.0,0.0,1.0,0.0,0.5217007100582123,-0.2570540856557607,0,1.0,4.0
4,4,-1,0.0,0.0,0.0,-0.3793341381645203,-3.311656296567469,0,1.0,0.0
4,4,0.0,0.0,-1.0,0.0,-0.5217107100582122,-3.311656296567469,0,1.0,4.0
5,1,0.0,1,0.0,0.0,0.30824480950832367,1.045097277781446,0,1.0,0.0
5,1,1.0,0.0,0.0,0.0,0.379569336771965,1.045097277781446,0,1.0,1.0
5,2,0.0,1,0.0,0.0,0.30824480950832367,2.5177085045418597,0,1.0,0.0
5,2,-1.0,0.0,0.0,0.0,-0.37957933677196504,2.5177085045418597,0,1.0,1.0
5,3,0.0,-1,0.0,0.0,-0.3082548095083237,0.15992958381106684,0,1.0,0.0
5,3,0.0,0.0,1.0,0.0,0.3606780618429184,0.15992958381106684,0,1.0,4.0
5,4,0.0,-1,0.0,0.0,-0.3082548095083237,-1.0302572127609158,0,1.0,0.0
5,4,0.0,0.0,-1.0,0.0,-0.3606880618429184,-1.0302572127609158,0,1.0,4.0
6,1,0.0,1,0.0,0.0,0.5902049243450165,1.545136854013607,0,1.0,0.0
6,1,0.0,0.0,1.0,0.0,0.19191870838403702,1.545136854013607,0,1.0,1.0
6,2,0.0,1,0.0,0.0,0.5902049243450165,0.45041026572741116,0,1.0,0.0
6,2,0.0,0.0,-1.0,0.0,-0.19192870838403703,0.45041026572741116,0,1.0,1.0
6,3,0.0,-1,0.0,0.0,-0.5902149243450164,0.9448496136012918,0,1.0,0.0
6,3,1.0,0.0,0.0,0.0,0.30900922417640686,0.9448496136012918,0,1.0,4.0
6,4,0.0,-1,0.0,0.0,-0.5902149243450164,-0.792385007576995,0,1.0,0.0
6,4,-1.0,0.0,0.0,0.0,-0.30901922417640687,-0.792385007576995,0,1.0,4.0
7,1,1,0.0,0.0,0.0,0.680339515209198,1.4364344804853715,0,1.0,0.0
7,1,0.0,0.0,1.0,0.0,0.06066082417964935,1.4364344804853715,0,1.0,1.0
7,2,1,0.0,0.0,0.0,0.680339515209198,0.12524040495030084,0,1.0,0.0
7,2,0.0,0.0,-1.0,0.0,-0.060670824179649356,0.12524040495030084,0,1.0,1.0
7,3,-1,0.0,0.0,0.0,-0.680349515209198,-1.0216802571142136,0,1.0,0.0
7,3,0.0,0.0,0.0,1.0,0.8020599484443665,-1.0216802571142136,0,1.0,4.0
7,4,-1,0.0,0.0,0.0,-0.680349515209198,-1.0832197996203523,0,1.0,0.0
7,4,0.0,0.0,0.0,-1.0,-0.8020699484443664,-1.0832197996203523,0,1.0,4.0
8,1,0.0,1,0.0,0.0,0.5084781050682068,0.8088993135673099,0,1.0,0.0
8,1,1.0,0.0,0.0,0.0,0.5681940615177155,0.8088993135673099,0,1.0,1.0
8,2,0.0,1,0.0,0.0,0.5084781050682068,-1.0571438256359844,0,1.0,0.0
8,2,-1.0,0.0,0.0,0.0,-0.5682040615177154,-1.0571438256359844,0,1.0,1.0
8,3,0.0,-1,0.0,0.0,-0.5084881050682067,-0.22881632948490468,0,1.0,0.0
8,3,0.0,0.0,1.0,0.0,0.4378206580877304,-0.22881632948490468,0,1.0,4.0
8,4,0.0,-1,0.0,0.0,-0.5084881050682067,-1.8376656120665575,0,1.0,0.0
8,4,0.0,0.0,-1.0,0.0,-0.4378306580877304,-1.8376656120665575,0,1.0,4.0
9,1,1,0.0,0.0,0.0,0.47476616501808167,0.7910743021980281,0,1.0,0.0
9,1,0.0,1.0,0.0,0.0,0.7882688939571381,0.7910743021980281,0,1.0,1.0
9,2,1,0.0,0.0,0.0,0.47476616501808167,-1.023471602544423,0,1.0,0.0
9,2,0.0,-1.0,0.0,0.0,-0.788278893957138,-1.023471602544423,0,1.0,1.0
9,3,-1,0.0,0.0,0.0,-0.4747761650180817,-0.1908951254939163,0,1.0,0.0
9,3,0.0,0.0,1.0,0.0,0.5238072574138641,-0.1908951254939163,0,1.0,4.0
9,4,-1,0.0,0.0,0.0,-0.4747761650180817,-1.7376727086732926,0,1.0,0.0
9,4,0.0,0.0,-1.0,0.0,-0.5238172574138641,-1.7376727086732926,0,1.0,4.0
10,1,0.0,0.0,1,0.0,0.22641221433877945,1.1121841245578554,0,1.0,0.0
10,1,0.0,1.0,0.0,0.0,0.6953530013561249,1.1121841245578554,0,1.0,1.0
10,2,0.0,0.0,1,0.0,0.22641221433877945,-0.8731845786504686,0,1.0,0.0
10,2,0.0,-1.0,0.0,0.0,-0.6953630013561248,-0.8731845786504686,0,1.0,1.0
10,3,0.0,0.0,-1,0.0,-0.22642221433877946,-1.1126451660305017,0,1.0,0.0
10,3,0.0,0.0,0.0,1.0,0.7446811497211456,-1.1126451660305017,0,1.0,4.0
10,4,0.0,0.0,-1,0.0,-0.22642221433877946,0.09325188253774862,0,1.0,0.0
10,4,0.0,0.0,0.0,-1.0,-0.7446911497211456,0.09325188253774862,0,1.0,4.0
11,1,0.0,0.0,1,0.0,0.0030801042448729277,1.569117407049499,0,1.0,0.0
11,1,1.0,0.0,0.0,0.0,0.5602037906646729,1.569117407049499,0,1.0,1.0
11,2,0.0,0.0,1,0.0,0.0030801042448729277,1.0220149907489418,0,1.0,0.0
11,2,-1.0,0.0,0.0,0.0,-0.5602137906646728,1.0220149907489418,0,1.0,1.0
11,3,0.0,0.0,-1,0.0,-0.0030901042448729277,0.6704244090862898,0,1.0,0.0
11,3,1.0,0.0,0.0,0.0,0.41605909168720245,0.6704244090862898,0,1.0,4.0
11,4,0.0,0.0,-1,0.0,-0.0030901042448729277,-0.22609425243085018,0,1.0,0.0
11,4,-1.0,0.0,0.0,0.0,-0.41606909168720246,-0.22609425243085018,0,1.0,4.0
12,1,0.0,0.0,1,0.0,0.3138367831707001,2.4943940980104125,0,1.0,0.0
12,1,0.0,1.0,0.0,0.0,0.3877667486667633,2.4943940980104125,0,1.0,1.0
12,2,0.0,0.0,1,0.0,0.3138367831707001,0.28628477928883417,0,1.0,0.0
12,2,0.0,-1.0,0.0,0.0,-0.3877767486667633,0.28628477928883417,0,1.0,1.0
12,3,0.0,0.0,-1,0.0,-0.3138467831707001,0.041758197873695335,0,1.0,0.0
12,3,0.0,1.0,0.0,0.0,0.4941924512386322,0.041758197873695335,0,1.0,4.0
12,4,0.0,0.0,-1,0.0,-0.3138467831707001,-1.1837736589019612,0,1.0,0.0
12,4,0.0,-1.0,0.0,0.0,-0.4942024512386322,-1.1837736589019612,0,1.0,4.0
13,1,1,0.0,0.0,0.0,0.8087207674980164,-0.2854413199946333,0,1.0,0.0
13,1,0.0,0.0,0.0,1.0,0.7664334177970886,-0.2854413199946333,0,1.0,1.0
13,2,1,0.0,0.0,0.0,0.8087207674980164,0.4966897137781539,0,1.0,0.0
13,2,0.0,0.0,0.0,-1.0,-0.7664434177970886,0.4966897137781539,0,1.0,1.0
13,3,-1,0.0,0.0,0.0,-0.8087307674980163,-1.0032969545282127,0,1.0,0.0
13,3,0.0,0.0,0.0,1.0,0.803352952003479,-1.0032969545282127,0,1.0,4.0
13,4,-1,0.0,0.0,0.0,-0.8087307674980163,-1.083158850309879,0,1.0,0.0
13,4,0.0,0.0,0.0,-1.0,-0.803362952003479,-1.083158850309879,0,1.0,4.0
14,1,0.0,0.0,1,0.0,0.01409740000963211,1.0712393820210544,0,1.0,0.0
14,1,1.0,0.0,0.0,0.0,0.6176182329654694,1.0712393820210544,0,1.0,1.0
14,2,0.0,0.0,1,0.0,0.01409740000963211,1.1080459911927356,0,1.0,0.0
14,2,-1.0,0.0,0.0,0.0,-0.6176282329654693,1.1080459911927356,0,1.0,1.0
14,3,0.0,0.0,-1,0.0,-0.01410740000963211,0.8529264648825552,0,1.0,0.0
14,3,0.0,0.0,1,0.0,0.10039632022380829,0.8529264648825552,0,1.0,4.0
14,4,0.0,0.0,-1,0.0,-0.01410740000963211,-0.21403795559441535,0,1.0,0.0
14,4,0.0,0.0,-1,0.0,-0.10040632022380828,-0.21403795559441535,0,1.0,4.0
15,1,1,0.0,0.0,0.0,0.5741867125034332,0.4237176577477683,0,1.0,0.0
15,1,0.0,1.0,0.0,0.0,0.7438642978668213,0.4237176577477683,0,1.0,1.0
15,2,1,0.0,0.0,0.0,0.5741867125034332,-0.6286839034573831,0,1.0,0.0
15,2,0.0,-1.0,0.0,0.0,-0.7438742978668212,-0.6286839034573831,0,1.0,1.0
15,3,-1,0.0,0.0,0.0,-0.5741967125034332,0.33803851104634863,0,1.0,0.0
15,3,0.0,0.0,1.0,0.0,0.13082904368638992,0.33803851104634863,0,1.0,4.0
15,4,-1,0.0,0.0,0.0,-0.5741967125034332,-1.0457436237100395,0,1.0,0.0
15,4,0.0,0.0,-1.0,0.0,-0.13083904368638993,-1.0457436237100395,0,1.0,4.0
16,1,0.0,0.0,1,0.0,0.4246257543563843,0.6956479929872577,0,1.0,0.0
16,1,1.0,0.0,0.0,0.0,0.5351004898548126,0.6956479929872577,0,1.0,1.0
16,2,0.0,0.0,1,0.0,0.4246257543563843,-0.24565631451506295,0,1.0,0.0
16,2,-1.0,0.0,0.0,0.0,-0.5351104898548126,-0.24565631451506295,0,1.0,1.0
16,3,0.0,0.0,-1,0.0,-0.4246357543563843,0.43074705137013564,0,1.0,0.0
16,3,0.0,1.0,0.0,0.0,0.34111514687538147,0.43074705137013564,0,1.0,4.0
16,4,0.0,0.0,-1,0.0,-0.4246357543563843,-1.1241389343277282,0,1.0,0.0
16,4,0.0,-1.0,0.0,0.0,-0.3411251468753815,-1.1241389343277282,0,1.0,4.0
17,1,0.0,1,0.0,0.0,0.66898974776268,0.9163732118165469,0,1.0,0.0
17,1,0.0,0.0,1.0,0.0,0.23597217351198196,0.9163732118165469,0,1.0,1.0
17,2,0.0,1,0.0,0.0,0.66898974776268,-0.2402500130669803,0,1.0,0.0
17,2,0.0,0.0,-1.0,0.0,-0.23598217351198197,-0.2402500130669803,0,1.0,1.0
17,3,0.0,-1,0.0,0.0,-0.66899974776268,-1.09843396110988,0,1.0,0.0
17,3,0.0,1,0.0,0.0,0.6694537401199341,-1.09843396110988,0,1.0,4.0
17,4,0.0,-1,0.0,0.0,-0.66899974776268,-0.6236290873123783,0,1.0,0.0
17,4,0.0,-1,0.0,0.0,-0.669463740119934,-0.6236290873123783,0,1.0,4.0
18,1,0.0,0.0,1,0.0,0.01409740000963211,1.0606887219182297,0,1.0,0.0
18,1,0.0,1.0,0.0,0.0,0.6953530013561249,1.0606887219182297,0,1.0,1.0
18,2,0.0,0.0,1,0.0,0.01409740000963211,1.043536140189614,0,1.0,0.0
18,2,0.0,-1.0,0.0,0.0,-0.6953630013561248,1.043536140189614,0,1.0,1.0
18,3,0.0,0.0,-1,0.0,-0.01410740000963211,1.014065925297691,0,1.0,0.0
18,3,1.0,0.0,0.0,0.0,0.299922838807106,1.014065925297691,0,1.0,4.0
18,4,0.0,0.0,-1,0.0,-0.01410740000963211,-0.1975407873133272,0,1.0,0.0
18,4,-1.0,0.0,0.0,0.0,-0.29993283880710603,-0.1975407873133272,0,1.0,4.0
19,1,0.0,1,0.0,0.0,0.5144014656543732,1.1778142214743859,0,1.0,0.0
19,1,0.0,0.0,1.0,0.0,0.30122987926006317,1.1778142214743859,0,1.0,1.0
19,2,0.0,1,0.0,0.0,0.5144014656543732,0.13912774496618588,0,1.0,0.0
19,2,0.0,0.0,-1.0,0.0,-0.3012398792600632,0.13912774496618588,0,1.0,1.0
19,3,0.0,-1,0.0,0.0,-0.5144114656543731,-1.0373573308219666,0,1.0,0.0
19,3,0.0,1,0.0,0.0,0.5145183503627777,-1.0373573308219666,0,1.0,4.0
19,4,0.0,-1,0.0,0.0,-0.5144114656543731,-0.21225155357234052,0,1.0,0.0
19,4,0.0,-1,0.0,0.0,-0.5145283503627777,-0.21225155357234052,0,1.0,4.0
20,1,1,0.0,0.0,0.0,0.4608748257160187,1.0277985719612401,0,1.0,0.0
20,1,0.0,1.0,0.0,0.0,0.4336419105529785,1.0277985719612401,0,1.0,1.0
20,2,1,0.0,0.0,0.0,0.4608748257160187,0.35259537044909867,0,1.0,0.0
20,2,0.0,-1.0,0.0,0.0,-0.4336519105529785,0.35259537044909867,0,1.0,1.0
20,3,-1,0.0,0.0,0.0,-0.4608848257160187,-0.11113462405141189,0,1.0,0.0
20,3,0.0,0.0,1.0,0.0,0.5872014164924622,-0.11113462405141189,0,1.0,4.0
20,4,-1,0.0,0.0,0.0,-0.4608848257160187,-1.5077101468607774,0,1.0,0.0
20,4,0.0,0.0,-1.0,0.0,-0.5872114164924621,-1.5077101468607774,0,1.0,4.0
21,1,0.0,0.0,1,0.0,0.0212785666808486,0.9131593710052334,0,1.0,0.0
21,1,0.0,0.0,0.0,1.0,0.459727942943573,0.9131593710052334,0,1.0,1.0
21,2,0.0,0.0,1,0.0,0.0212785666808486,1.0269684077752506,0,1.0,0.0
21,2,0.0,0.0,0.0,-1.0,-0.459737942943573,1.0269684077752506,0,1.0,1.0
21,3,0.0,0.0,-1,0.0,-0.021288566680848598,0.17695003187570574,0,1.0,0.0
21,3,0.0,0.0,1,0.0,0.3606780618429184,0.17695003187570574,0,1.0,4.0
21,4,0.0,0.0,-1,0.0,-0.021288566680848598,-0.4787056422617048,0,1.0,0.0
21,4,0.0,0.0,-1,0.0,-0.3606880618429184,-0.4787056422617048,0,1.0,4.0
22,1,0.0,1,0.0,0.0,0.5417340397834778,1.0286575169728644,0,1.0,0.0
22,1,0.0,0.0,1.0,0.0,0.17728260904550552,1.0286575169728644,0,1.0,1.0
22,2,0.0,1,0.0,0.0,0.5417340397834778,0.3283404077638076,0,1.0,0.0
22,2,0.0,0.0,-1.0,0.0,-0.17729260904550553,0.3283404077638076,0,1.0,1.0
22,3,0.0,-1,0.0,0.0,-0.5417440397834777,-1.0321726329023289,0,1.0,0.0
22,3,0.0,1,0.0,0.0,0.54204460978508,-1.0321726329023289,0,1.0,4.0
22,4,0.0,-1,0.0,0.0,-0.5417440397834777,-0.23398283349835677,0,1.0,0.0
22,4,0.0,-1,0.0,0.0,-0.5420546097850799,-0.23398283349835677,0,1.0,4.0
23,1,0.0,0.0,1,0.0,0.12983392924070358,1.0195692563665808,0,1.0,0.0
23,1,0.0,1.0,0.0,0.0,0.7103372514247894,1.0195692563665808,0,1.0,1.0
23,2,0.0,0.0,1,0.0,0.12983392924070358,-1.0028744051610383,0,1.0,0.0
23,2,0.0,-1.0,0.0,0.0,-0.7103472514247894,-1.0028744051610383,0,1.0,1.0
23,3,0.0,0.0,-1,0.0,-0.1298439292407036,0.5062010264659681,0,1.0,0.0
23,3,1.0,0.0,0.0,0.0,0.47876597940921783,0.5062010264659681,0,1.0,4.0
23,4,0.0,0.0,-1,0.0,-0.1298439292407036,-0.48653976519951325,0,1.0,0.0
23,4,-1.0,0.0,0.0,0.0,-0.47877597940921784,-0.48653976519951325,0,1.0,4.0
24,1,0.0,0.0,1,0.0,0.3220130503177643,1.03899619585098,0,1.0,0.0
24,1,0.0,1.0,0.0,0.0,0.3877667486667633,1.03899619585098,0,1.0,1.0
24,2,0.0,0.0,1,0.0,0.3220130503177643,0.22567515895272186,0,1.0,0.0
24,2,0.0,-1.0,0.0,0.0,-0.3877767486667633,0.22567515895272186,0,1.0,1.0
24,3,0.0,0.0,-1,0.0,-0.3220230503177643,-0.02782996539119865,0,1.0,0.0
24,3,0.0,1.0,0.0,0.0,0.48660434782505035,-0.02782996539119865,0,1.0,4.0
24,4,0.0,0.0,-1,0.0,-0.3220230503177643,-0.938133878909401,0,1.0,0.0
24,4,0.0,-1.0,0.0,0.0,-0.48661434782505036,-0.938133878909401,0,1.0,4.0
25,1,0.0,1,0.0,0.0,0.566395491361618,0.2119828554345381,0,1.0,0.0
25,1,0.0,1,0.0,0.0,0.5651176571846008,0.2119828554345381,0,1.0,1.0
25,2,0.0,1,0.0,0.0,0.566395491361618,1.1254234239665093,0,1.0,0.0
25,2,0.0,-1,0.0,0.0,-0.5651276571846008,1.1254234239665093,0,1.0,1.0
25,3,0.0,-1,0.0,0.0,-0.566405491361618,-0.41358118520528453,0,1.0,0.0
25,3,0.0,0.0,1.0,0.0,0.4872272461652756,-0.41358118520528453,0,1.0,4.0
25,4,0.0,-1,0.0,0.0,-0.566405491361618,-1.0245202286453423,0,1.0,0.0
25,4,0.0,0.0,-1.0,0.0,-0.4872372461652756,-1.0245202286453423,0,1.0,4.0
26,1,0.0,0.0,1,0.0,0.2668115496635437,1.1075217698875897,0,1.0,0.0
26,1,0.0,1.0,0.0,0.0,0.4869527071714401,1.1075217698875897,0,1.0,1.0
26,2,0.0,0.0,1,0.0,0.2668115496635437,0.1842690755735595,0,1.0,0.0
26,2,0.0,-1.0,0.0,0.0,-0.48696270717144013,0.1842690755735595,0,1.0,1.0
26,3,0.0,0.0,-1,0.0,-0.2668215496635437,0.4440196616419356,0,1.0,0.0
26,3,1.0,0.0,0.0,0.0,0.47447265684604645,0.4440196616419356,0,1.0,4.0
26,4,0.0,0.0,-1,0.0,-0.2668215496635437,-0.7883587173430464,0,1.0,0.0
26,4,-1.0,0.0,0.0,0.0,-0.47448265684604646,-0.7883587173430464,0,1.0,4.0
27,1,1,0.0,0.0,0.0,0.7912583351135254,-0.08445266645190543,0,1.0,0.0
27,1,0.0,0.0,0.0,1.0,0.836686760187149,-0.08445266645190543,0,1.0,1.0
27,2,1,0.0,0.0,0.0,0.7912583351135254,0.7410775194473496,0,1.0,0.0
27,2,0.0,0.0,0.0,-1.0,-0.836696760187149,0.7410775194473496,0,1.0,1.0
27,3,-1,0.0,0.0,0.0,-0.7912683351135253,-1.014165178980402,0,1.0,0.0
27,3,1,0.0,0.0,0.0,0.791503518819809,-1.014165178980402,0,1.0,4.0
27,4,-1,0.0,0.0,0.0,-0.7912683351135253,-1.0060200715483254,0,1.0,0.0
27,4,-1,0.0,0.0,0.0,-0.7915135188198089,-1.0060200715483254,0,1.0,4.0
28,1,1,0.0,0.0,0.0,0.22070902585983276,1.013412205146429,0,1.0,0.0
28,1,0.0,0.0,0.0,1.0,0.16554825007915497,1.013412205146429,0,1.0,1.0
28,2,1,0.0,0.0,0.0,0.22070902585983276,0.8193187336342327,0,1.0,0.0
28,2,0.0,0.0,0.0,-1.0,-0.16555825007915498,0.8193187336342327,0,1.0,1.0
28,3,-1,0.0,0.0,0.0,-0.22071902585983277,0.10749520769974971,0,1.0,0.0
28,3,0.0,1.0,0.0,0.0,0.7356172502040863,0.10749520769974971,0,1.0,4.0
28,4,-1,0.0,0.0,0.0,-0.22071902585983277,-1.008844051069697,0,1.0,0.0
28,4,0.0,-1.0,0.0,0.0,-0.7356272502040863,-1.008844051069697,0,1.0,4.0
29,1,0.0,0.0,1,0.0,0.23597217351198196,0.8069978677129317,0,1.0,0.0
29,1,0.0,1.0,0.0,0.0,0.6008898019790649,0.8069978677129317,0,1.0,1.0
29,2,0.0,0.0,1,0.0,0.23597217351198196,0.0639926989423459,0,1.0,0.0
29,2,0.0,-1.0,0.0,0.0,-0.6008998019790649,0.0639926989423459,0,1.0,1.0
29,3,0.0,0.0,-1,0.0,-0.23598217351198197,0.05560364381095285,0,1.0,0.0
29,3,0.0,1.0,0.0,0.0,0.4909016788005829,0.05560364381095285,0,1.0,4.0
29,4,0.0,0.0,-1,0.0,-0.23598217351198197,-0.6928469500208099,0,1.0,0.0
29,4,0.0,-1.0,0.0,0.0,-0.4909116788005829,-0.6928469500208099,0,1.0,4.0
30,1,1,0.0,0.0,0.0,0.299922838807106,1.005569404786626,0,1.0,0.0
30,1,0.0,0.0,1.0,0.0,0.3591272383928299,1.005569404786626,0,1.0,1.0
30,2,1,0.0,0.0,0.0,0.299922838807106,-0.11953296651163559,0,1.0,0.0
30,2,0.0,0.0,-1.0,0.0,-0.3591372383928299,-0.11953296651163559,0,1.0,1.0
30,3,-1,0.0,0.0,0.0,-0.29993283880710603,-0.0299596898209668,0,1.0,0.0
30,3,0.0,0.0,1.0,0.0,0.5183061361312866,-0.0299596898209668,0,1.0,4.0
30,4,-1,0.0,0.0,0.0,-0.29993283880710603,-0.5633749531091513,0,1.0,0.0
30,4,0.0,0.0,-1.0,0.0,-0.5183161361312866,-0.5633749531091513,0,1.0,4.0
31,1,0.0,1,0.0,0.0,0.18842307478189468,1.0003850478140237,0,1.0,0.0
31,1,1.0,0.0,0.0,0.0,0.3787905126810074,1.0003850478140237,0,1.0,1.0
31,2,0.0,1,0.0,0.0,0.18842307478189468,1.0102942898605165,0,1.0,0.0
31,2,-1.0,0.0,0.0,0.0,-0.3788005126810074,1.0102942898605165,0,1.0,1.0
31,3,0.0,-1,0.0,0.0,-0.1884330747818947,0.9521065368989762,0,1.0,0.0
31,3,0.0,0.0,1.0,0.0,0.05691515654325485,0.9521065368989762,0,1.0,4.0
31,4,0.0,-1,0.0,0.0,-0.1884330747818947,-0.1437849439539968,0,1.0,0.0
31,4,0.0,0.0,-1.0,0.0,-0.056925156543254855,-0.1437849439539968,0,1.0,4.0
32,1,1,0.0,0.0,0.0,0.5986557900905609,0.015805277587287926,0,1.0,0.0
32,1,0.0,0.0,0.0,1.0,0.7817775011062622,0.015805277587287926,0,1.0,1.0
32,2,1,0.0,0.0,0.0,0.5986557900905609,0.7110632004057585,0,1.0,0.0
32,2,0.0,0.0,0.0,-1.0,-0.7817875011062622,0.7110632004057585,0,1.0,1.0
32,3,-1,0.0,0.0,0.0,-0.5986657900905609,-1.0276827149065597,0,1.0,0.0
32,3,1,0.0,0.0,0.0,0.5991389453411102,-1.0276827149065597,0,1.0,4.0
32,4,-1,0.0,0.0,0.0,-0.5986657900905609,-0.5769178475431301,0,1.0,0.0
32,4,-1,0.0,0.0,0.0,-0.5991489453411102,-0.5769178475431301,0,1.0,4.0
33,1,0.0,0.0,1,0.0,0.3606780618429184,0.39329887332405133,0,1.0,0.0
33,1,1.0,0.0,0.0,0.0,0.680339515209198,0.39329887332405133,0,1.0,1.0
33,2,0.0,0.0,1,0.0,0.3606780618429184,-1.0021183311330435,0,1.0,0.0
33,2,-1.0,0.0,0.0,0.0,-0.680349515209198,-1.0021183311330435,0,1.0,1.0
33,3,0.0,0.0,-1,0.0,-0.3606880618429184,-1.0068972346358267,0,1.0,0.0
33,3,0.0,0.0,1,0.0,0.3609171509742737,-1.0068972346358267,0,1.0,4.0
33,4,0.0,0.0,-1,0.0,-0.3606880618429184,-0.3924188233858462,0,1.0,0.0
33,4,0.0,0.0,-1,0.0,-0.3609271509742737,-0.3924188233858462,0,1.0,4.0
34,1,0.0,0.0,0.0,1,0.07060567289590836,-1.0004347198360035,0,1.0,0.0
34,1,0.0,0.0,0.0,1,0.030747337266802788,-1.0004347198360035,0,1.0,1.0
34,2,0.0,0.0,0.0,1,0.07060567289590836,-1.004918599433805,0,1.0,0.0
34,2,0.0,0.0,0.0,-1,-0.030757337266802787,-1.004918599433805,0,1.0,1.0
34,3,0.0,0.0,0.0,-1,-0.07061567289590835,1.0045839634302252,0,1.0,0.0
34,3,0.0,1.0,0.0,0.0,0.20065706968307495,1.0045839634302252,0,1.0,4.0
34,4,0.0,0.0,0.0,-1,-0.07061567289590835,-0.0985800718950711,0,1.0,0.0
34,4,0.0,-1.0,0.0,0.0,-0.20066706968307496,-0.0985800718950711,0,1.0,4.0
35,1,0.0,1,0.0,0.0,0.7500963509082794,0.9698912635065468,0,1.0,0.0
35,1,0.0,0.0,1.0,0.0,0.16567299515008926,0.9698912635065468,0,1.0,1.0
35,2,0.0,1,0.0,0.0,0.7500963509082794,-0.059244291108849184,0,1.0,0.0
35,2,0.0,0.0,-1.0,0.0,-0.16568299515008927,-0.059244291108849184,0,1.0,1.0
35,3,0.0,-1,0.0,0.0,-0.7501063509082794,-1.009407000123003,0,1.0,0.0
35,3,0.0,1,0.0,0.0,0.7511422038078308,-1.009407000123003,0,1.0,4.0
35,4,0.0,-1,0.0,0.0,-0.7501063509082794,-0.7786113336653067,0,1.0,0.0
35,4,0.0,-1,0.0,0.0,-0.7511522038078308,-0.7786113336653067,0,1.0,4.0
36,1,1,0.0,0.0,0.0,0.41605909168720245,0.5559900532978719,0,1.0,0.0
36,1,1,0.0,0.0,0.0,0.41560839116573334,0.5559900532978719,0,1.0,1.0
36,2,1,0.0,0.0,0.0,0.41605909168720245,1.0066491381007143,0,1.0,0.0
36,2,-1,0.0,0.0,0.0,-0.41561839116573335,1.0066491381007143,0,1.0,1.0
36,3,-1,0.0,0.0,0.0,-0.41606909168720246,-0.18905172464573322,0,1.0,0.0
36,3,0.0,0.0,1.0,0.0,0.5857065916061401,-0.18905172464573322,0,1.0,4.0
36,4,-1,0.0,0.0,0.0,-0.41606909168720246,-1.0095321881139974,0,1.0,0.0
36,4,0.0,0.0,-1.0,0.0,-0.5857165916061401,-1.0095321881139974,0,1.0,4.0
37,1,0.0,1,0.0,0.0,0.5144014656543732,0.8965292753402926,0,1.0,0.0
37,1,0.0,0.0,1.0,0.0,0.3197428286075592,0.8965292753402926,0,1.0,1.0
37,2,0.0,1,0.0,0.0,0.5144014656543732,0.2199995425912451,0,1.0,0.0
37,2,0.0,0.0,-1.0,0.0,-0.3197528286075592,0.2199995425912451,0,1.0,1.0
37,3,0.0,-1,0.0,0.0,-0.5144114656543731,-0.18078929194903723,0,1.0,0.0
37,3,0.0,0.0,1.0,0.0,0.5707196295261383,-0.18078929194903723,0,1.0,4.0
37,4,0.0,-1,0.0,0.0,-0.5144114656543731,-1.0110769625831137,0,1.0,0.0
37,4,0.0,0.0,-1.0,0.0,-0.5707296295261383,-1.0110769625831137,0,1.0,4.0
38,1,0.0,0.0,1,0.0,0.2599093168973923,0.6947268497493264,0,1.0,0.0
38,1,0.0,1.0,0.0,0.0,0.6538520753383636,0.6947268497493264,0,1.0,1.0
38,2,0.0,0.0,1,0.0,0.2599093168973923,-0.3082801231997643,0,1.0,0.0
38,2,0.0,-1.0,0.0,0.0,-0.6538620753383636,-0.3082801231997643,0,1.0,1.0
38,3,0.0,0.0,-1,0.0,-0.2599193168973923,-1.005028880732071,0,1.0,0.0
38,3,0.0,0.0,1,0.0,0.2603900879621506,-1.005028880732071,0,1.0,4.0
38,4,0.0,0.0,-1,0.0,-0.2599193168973923,-0.161338542473098,0,1.0,0.0
38,4,0.0,0.0,-1,0.0,-0.2604000879621506,-0.161338542473098,0,1.0,4.0
39,1,1,0.0,0.0,0.0,0.48270341753959656,0.5661275798799227,0,1.0,0.0
39,1,0.0,1.0,0.0,0.0,0.8061942756175995,0.5661275798799227,0,1.0,1.0
39,2,1,0.0,0.0,0.0,0.48270341753959656,-0.8556192521017965,0,1.0,0.0
39,2,0.0,-1.0,0.0,0.0,-0.8062042756175994,-0.8556192521017965,0,1.0,1.0
39,3,-1,0.0,0.0,0.0,-0.48271341753959657,0.3089949820712219,0,1.0,0.0
39,3,0.0,0.0,1.0,0.0,0.22065414488315582,0.3089949820712219,0,1.0,4.0
39,4,-1,0.0,0.0,0.0,-0.48271341753959657,-0.676067861445711,0,1.0,0.0
39,4,0.0,0.0,-1.0,0.0,-0.22066414488315583,-0.676067861445711,0,1.0,4.0
40,1,0.0,0.0,1,0.0,0.495606005191803,0.4426339821426739,0,1.0,0.0
40,1,1.0,0.0,0.0,0.0,0.5741867125034332,0.4426339821426739,0,1.0,1.0
40,2,0.0,0.0,1,0.0,0.495606005191803,-0.47667161632325494,0,1.0,0.0
40,2,-1.0,0.0,0.0,0.0,-0.5741967125034332,-0.47667161632325494,0,1.0,1.0
40,3,0.0,0.0,-1,0.0,-0.495616005191803,-0.2807157132872292,0,1.0,0.0
40,3,0.0,1.0,0.0,0.0,0.5183890759944916,-0.2807157132872292,0,1.0,4.0
40,4,0.0,0.0,-1,0.0,-0.495616005191803,-1.005121636588659,0,1.0,0.0
40,4,0.0,-1.0,0.0,0.0,-0.5183990759944915,-1.005121636588659,0,1.0,4.0
41,1,0.0,0.0,1,0.0,0.01409740000963211,1.0003608974262714,0,1.0,0.0
41,1,1.0,0.0,0.0,0.0,0.6176182329654694,1.0003608974262714,0,1.0,1.0
41,2,0.0,0.0,1,0.0,0.01409740000963211,1.0020308632024844,0,1.0,0.0
41,2,-1.0,0.0,0.0,0.0,-0.6176282329654693,1.0020308632024844,0,1.0,1.0
41,3,0.0,0.0,-1,0.0,-0.01410740000963211,0.5074246131208103,0,1.0,0.0
41,3,0.0,1.0,0.0,0.0,0.3900885730981827,0.5074246131208103,0,1.0,4.0
41,4,0.0,0.0,-1,0.0,-0.01410740000963211,-0.22636505200974863,0,1.0,0.0
41,4,0.0,-1.0,0.0,0.0,-0.3900985730981827,-0.22636505200974863,0,1.0,4.0
42,1,0.0,0.0,1,0.0,0.4246257543563843,0.9179142411302698,0,1.0,0.0
42,1,1.0,0.0,0.0,0.0,0.31306563317775726,0.9179142411302698,0,1.0,1.0
42,2,0.0,0.0,1,0.0,0.4246257543563843,0.06158088462354353,0,1.0,0.0
42,2,-1.0,0.0,0.0,0.0,-0.3130756331777573,0.06158088462354353,0,1.0,1.0
42,3,0.0,0.0,-1,0.0,-0.4246357543563843,0.5450589810584692,0,1.0,0.0
42,3,0.0,1.0,0.0,0.0,0.34111514687538147,0.5450589810584692,0,1.0,4.0
42,4,0.0,0.0,-1,0.0,-0.4246357543563843,-0.8805460520491994,0,1.0,0.0
42,4,0.0,-1.0,0.0,0.0,-0.3411251468753815,-0.8805460520491994,0,1.0,4.0
43,1,0.0,0.0,0.0,1,0.7639642655849457,0.973612699458814,0,1.0,0.0
43,1,0.0,0.0,1.0,0.0,0.05691515654325485,0.973612699458814,0,1.0,1.0
43,2,0.0,0.0,0.0,1,0.7639642655849457,-0.5051541973254996,0,1.0,0.0
43,2,0.0,0.0,-1.0,0.0,-0.056925156543254855,-0.5051541973254996,0,1.0,1.0
43,3,0.0,0.0,0.0,-1,-0.7639742655849456,1.001998106054702,0,1.0,0.0
43,3,0.0,0.0,1.0,0.0,0.10711439326405525,1.001998106054702,0,1.0,4.0
43,4,0.0,0.0,0.0,-1,-0.7639742655849456,0.34558353523124363,0,1.0,0.0
43,4,0.0,0.0,-1.0,0.0,-0.10712439326405525,0.34558353523124363,0,1.0,4.0
44,1,1,0.0,0.0,0.0,0.478390634059906,0.6509352168424031,0,1.0,0.0
44,1,0.0,1.0,0.0,0.0,0.8061942756175995,0.6509352168424031,0,1.0,1.0
44,2,1,0.0,0.0,0.0,0.478390634059906,-0.5868684246643161,0,1.0,0.0
44,2,0.0,-1.0,0.0,0.0,-0.8062042756175994,-0.5868684246643161,0,1.0,1.0
44,3,-1,0.0,0.0,0.0,-0.478400634059906,0.6888545386975903,0,1.0,0.0
44,3,0.0,0.0,1.0,0.0,0.1333792880177498,0.6888545386975903,0,1.0,4.0
44,4,-1,0.0,0.0,0.0,-0.478400634059906,-0.3676527927796821,0,1.0,0.0
44,4,0.0,0.0,-1.0,0.0,-0.1333892880177498,-0.3676527927796821,0,1.0,4.0
45,1,0.0,0.0,1,0.0,0.5183061361312866,0.44199009483809787,0,1.0,0.0
45,1,0.0,1.0,0.0,0.0,0.5706537365913391,0.44199009483809787,0,1.0,1.0
45,2,0.0,0.0,1,0.0,0.5183061361312866,-0.20107899994494088,0,1.0,0.0
45,2,0.0,-1.0,0.0,0.0,-0.5706637365913391,-0.20107899994494088,0,1.0,1.0
45,3,0.0,0.0,-1,0.0,-0.5183161361312866,0.22850568917765524,0,1.0,0.0
45,3,0.0,1.0,0.0,0.0,0.34111514687538147,0.22850568917765524,0,1.0,4.0
45,4,0.0,0.0,-1,0.0,-0.5183161361312866,-1.001810853262211,0,1.0,0.0
45,4,0.0,-1.0,0.0,0.0,-0.3411251468753815,-1.001810853262211,0,1.0,4.0
46,1,1,0.0,0.0,0.0,0.18492957949638367,1.000126784656392,0,1.0,0.0
46,1,0.0,1.0,0.0,0.0,0.7890827655792236,1.000126784656392,0,1.0,1.0
46,2,1,0.0,0.0,0.0,0.18492957949638367,1.0004403433685642,0,1.0,0.0
46,2,0.0,-1.0,0.0,0.0,-0.7890927655792236,1.0004403433685642,0,1.0,1.0
46,3,-1,0.0,0.0,0.0,-0.18493957949638368,0.0721904450073693,0,1.0,0.0
46,3,0.0,0.0,1.0,0.0,0.3220130503177643,0.0721904450073693,0,1.0,4.0
46,4,-1,0.0,0.0,0.0,-0.18493957949638368,-0.5772938562959579,0,1.0,0.0
46,4,0.0,0.0,-1.0,0.0,-0.3220230503177643,-0.5772938562959579,0,1.0,4.0
47,1,0.0,1,0.0,0.0,0.48977892100811005,0.8926418237803739,0,1.0,0.0
47,1,0.0,0.0,1.0,0.0,0.3197428286075592,0.8926418237803739,0,1.0,1.0
47,2,0.0,1,0.0,0.0,0.48977892100811005,0.2104198394454229,0,1.0,0.0
47,2,0.0,0.0,-1.0,0.0,-0.3197528286075592,0.2104198394454229,0,1.0,1.0
47,3,0.0,-1,0.0,0.0,-0.48978892100811006,0.025829495084538568,0,1.0,0.0
47,3,0.0,0.0,1.0,0.0,0.2599093168973923,0.025829495084538568,0,1.0,4.0
47,4,0.0,-1,0.0,0.0,-0.48978892100811006,-0.7114150007437899,0,1.0,0.0
47,4,0.0,0.0,-1.0,0.0,-0.2599193168973923,-0.7114150007437899,0,1.0,4.0
48,1,1,0.0,0.0,0.0,0.4864288419485092,0.6736601248822255,0,1.0,0.0
48,1,0.0,1.0,0.0,0.0,0.8726683557033539,0.6736601248822255,0,1.0,1.0
48,2,1,0.0,0.0,0.0,0.4864288419485092,-0.9564847255758714,0,1.0,0.0
48,2,0.0,-1.0,0.0,0.0,-0.8726783557033538,-0.9564847255758714,0,1.0,1.0
48,3,-1,0.0,0.0,0.0,-0.4864388419485092,0.15201979348122824,0,1.0,0.0
48,3,0.0,0.0,1.0,0.0,0.16764813661575317,0.15201979348122824,0,1.0,4.0
48,4,-1,0.0,0.0,0.0,-0.4864388419485092,-0.5258093102236282,0,1.0,0.0
48,4,0.0,0.0,-1.0,0.0,-0.16765813661575318,-0.5258093102236282,0,1.0,4.0
49,1,0.0,1,0.0,0.0,0.6634536385536194,0.45870322910428724,0,1.0,0.0
49,1,1.0,0.0,0.0,0.0,0.6349111795425415,0.45870322910428724,0,1.0,1.0
49,2,0.0,1,0.0,0.0,0.6634536385536194,-0.8706849720922855,0,1.0,0.0
49,2,-1.0,0.0,0.0,0.0,-0.6349211795425415,-0.8706849720922855,0,1.0,1.0
49,3,0.0,-1,0.0,0.0,-0.6634636385536193,-1.0009054398573614,0,1.0,0.0
49,3,0.0,1,0.0,0.0,0.6636463403701782,-1.0009054398573614,0,1.0,4.0
49,4,0.0,-1,0.0,0.0,-0.6634636385536193,-0.6372377760263306,0,1.0,0.0
49,4,0.0,-1,0.0,0.0,-0.6636563403701782,-0.6372377760263306,0,1.0,4.0
50,1,0.0,0.0,1,0.0,0.3606780618429184,1.0001845366901907,0,1.0,0.0
50,1,1.0,0.0,0.0,0.0,0.2686757743358612,1.0001845366901907,0,1.0,1.0
50,2,0.0,0.0,1,0.0,0.3606780618429184,0.10343342681276263,0,1.0,0.0
50,2,-1.0,0.0,0.0,0.0,-0.2686857743358612,0.10343342681276263,0,1.0,1.0
50,3,0.0,0.0,-1,0.0,-0.3606880618429184,-1.000534188338577,0,1.0,0.0
50,3,0.0,0.0,1,0.0,0.3609171509742737,-1.000534188338577,0,1.0,4.0
50,4,0.0,0.0,-1,0.0,-0.3606880618429184,-0.6569633550842344,0,1.0,0.0
50,4,0.0,0.0,-1,0.0,-0.3609271509742737,-0.6569633550842344,0,1.0,4.0
51,1,0.0,1,0.0,0.0,0.7356172502040863,1.0005562522550373,0,1.0,0.0
51,1,0.0,0.0,1.0,0.0,0.10043508931994438,1.0005562522550373,0,1.0,1.0
51,2,0.0,1,0.0,0.0,0.7356172502040863,0.006442390494836969,0,1.0,0.0
51,2,0.0,0.0,-1.0,0.0,-0.10044508931994438,0.006442390494836969,0,1.0,1.0
51,3,0.0,-1,0.0,0.0,-0.7356272502040863,-0.6900746304662951,0,1.0,0.0
51,3,1.0,0.0,0.0,0.0,0.5303366482257843,-0.6900746304662951,0,1.0,4.0
51,4,0.0,-1,0.0,0.0,-0.7356272502040863,-1.000018758459551,0,1.0,0.0
51,4,-1.0,0.0,0.0,0.0,-0.5303466482257843,-1.000018758459551,0,1.0,4.0
52,1,1,0.0,0.0,0.0,0.5486464202404022,0.20658117208870178,0,1.0,0.0
52,1,1,0.0,0.0,0.0,0.5475250482559204,0.20658117208870178,0,1.0,1.0
52,2,1,0.0,0.0,0.0,0.5486464202404022,1.0006210327236984,0,1.0,0.0
52,2,-1,0.0,0.0,0.0,-0.5475350482559204,1.0006210327236984,0,1.0,1.0
52,3,-1,0.0,0.0,0.0,-0.5486564202404022,-1.0006644101419047,0,1.0,0.0
52,3,1,0.0,0.0,0.0,0.5490845143795013,-1.0006644101419047,0,1.0,4.0
52,4,-1,0.0,0.0,0.0,-0.5486564202404022,-0.30811557048269456,0,1.0,0.0
52,4,-1,0.0,0.0,0.0,-0.5490945143795013,-0.30811557048269456,0,1.0,4.0
53,1,0.0,0.0,1,0.0,0.495606005191803,-0.18970318878009346,0,1.0,0.0
53,1,0.0,0.0,0.0,1.0,0.7643170654773712,-0.18970318878009346,0,1.0,1.0
53,2,0.0,0.0,1,0.0,0.495606005191803,0.43444736009526297,0,1.0,0.0
53,2,0.0,0.0,0.0,-1.0,-0.7643270654773712,0.43444736009526297,0,1.0,1.0
53,3,0.0,0.0,-1,0.0,-0.495616005191803,0.2725478681937989,0,1.0,0.0
53,3,0.0,1.0,0.0,0.0,0.34111514687538147,0.2725478681937989,0,1.0,4.0
53,4,0.0,0.0,-1,0.0,-0.495616005191803,-0.9013562795195679,0,1.0,0.0
53,4,0.0,-1.0,0.0,0.0,-0.3411251468753815,-0.9013562795195679,0,1.0,4.0
54,1,1,0.0,0.0,0.0,0.36683037877082825,0.8951848194051228,0,1.0,0.0
54,1,1,0.0,0.0,0.0,0.36641210317611694,0.8951848194051228,0,1.0,1.0
54,2,1,0.0,0.0,0.0,0.36683037877082825,1.0002946629935723,0,1.0,0.0
54,2,-1,0.0,0.0,0.0,-0.36642210317611695,1.0002946629935723,0,1.0,1.0
54,3,-1,0.0,0.0,0.0,-0.36684037877082826,-0.14535313199335967,0,1.0,0.0
54,3,0.0,0.0,1.0,0.0,0.5872014164924622,-0.14535313199335967,0,1.0,4.0
54,4,-1,0.0,0.0,0.0,-0.36684037877082826,-0.694700652856365,0,1.0,0.0
54,4,0.0,0.0,-1.0,0.0,-0.5872114164924621,-0.694700652856365,0,1.0,4.0
55,1,1,0.0,0.0,0.0,0.837122917175293,0.4471075773305783,0,1.0,0.0
55,1,0.0,0.0,1.0,0.0,0.23730092495679855,0.4471075773305783,0,1.0,1.0
55,2,1,0.0,0.0,0.0,0.837122917175293,-0.1634412335784545,0,1.0,0.0
55,2,0.0,0.0,-1.0,0.0,-0.23731092495679856,-0.1634412335784545,0,1.0,1.0
55,3,-1,0.0,0.0,0.0,-0.8371329171752929,-1.0011318370862237,0,1.0,0.0
55,3,1,0.0,0.0,0.0,0.8372887969017029,-1.0011318370862237,0,1.0,4.0
55,4,-1,0.0,0.0,0.0,-0.8371329171752929,-1.000152606824646,0,1.0,0.0
55,4,-1,0.0,0.0,0.0,-0.8372987969017028,-1.000152606824646,0,1.0,4.0
56,1,0.0,1,0.0,0.0,0.4895465523004532,0.8657654899495508,0,1.0,0.0
56,1,0.0,0.0,1.0,0.0,0.3197428286075592,0.8657654899495508,0,1.0,1.0
56,2,0.0,1,0.0,0.0,0.4895465523004532,0.18455478443507564,0,1.0,0.0
56,2,0.0,0.0,-1.0,0.0,-0.3197528286075592,0.18455478443507564,0,1.0,1.0
56,3,0.0,-1,0.0,0.0,-0.4895565523004532,-0.03781303143961086,0,1.0,0.0
56,3,0.0,0.0,1.0,0.0,0.2599093168973923,-0.03781303143961086,0,1.0,4.0
56,4,0.0,-1,0.0,0.0,-0.4895565523004532,-0.7925763417824778,0,1.0,0.0
56,4,0.0,0.0,-1.0,0.0,-0.2599193168973923,-0.7925763417824778,0,1.0,4.0
57,1,0.0,1,0.0,0.0,0.7792098522186279,0.6248974469734018,0,1.0,0.0
57,1,0.0,0.0,1.0,0.0,0.17001313716173172,0.6248974469734018,0,1.0,1.0
57,2,0.0,1,0.0,0.0,0.7792098522186279,-0.007128391104543841,0,1.0,0.0
57,2,0.0,0.0,-1.0,0.0,-0.17002313716173173,-0.007128391104543841,0,1.0,1.0
57,3,0.0,-1,0.0,0.0,-0.7792198522186279,-1.0006734514246312,0,1.0,0.0
57,3,0.0,1,0.0,0.0,0.7792884409427643,-1.0006734514246312,0,1.0,4.0
57,4,0.0,-1,0.0,0.0,-0.7792198522186279,-0.7224880421540117,0,1.0,0.0
57,4,0.0,-1,0.0,0.0,-0.7792984409427642,-0.7224880421540117,0,1.0,4.0
58,1,1,0.0,0.0,0.0,0.4608748257160187,1.0000806051930502,0,1.0,0.0
58,1,1,0.0,0.0,0.0,0.12579235434532166,1.0000806051930502,0,1.0,1.0
58,2,1,0.0,0.0,0.0,0.4608748257160187,0.6340716490898423,0,1.0,0.0
58,2,-1,0.0,0.0,0.0,-0.12580235434532167,0.6340716490898423,0,1.0,1.0
58,3,-1,0.0,0.0,0.0,-0.4608848257160187,-1.0003916289822816,0,1.0,0.0
58,3,1,0.0,0.0,0.0,0.46139439940452576,-1.0003916289822816,0,1.0,4.0
58,4,-1,0.0,0.0,0.0,-0.4608848257160187,-0.29550306610277605,0,1.0,0.0
58,4,-1,0.0,0.0,0.0,-0.46140439940452577,-0.29550306610277605,0,1.0,4.0
59,1,0.0,1,0.0,0.0,0.5706537365913391,1.0004073489525231,0,1.0,0.0
59,1,0.0,0.0,1.0,0.0,0.2263568416237831,1.0004073489525231,0,1.0,1.0
59,2,0.0,1,0.0,0.0,0.5706537365913391,0.030875159207502657,0,1.0,0.0
59,2,0.0,0.0,-1.0,0.0,-0.22636684162378312,0.030875159207502657,0,1.0,1.0
59,3,0.0,-1,0.0,0.0,-0.5706637365913391,-1.0002882457887512,0,1.0,0.0
59,3,0.0,1,0.0,0.0,0.5716210007667542,-1.0002882457887512,0,1.0,4.0
59,4,0.0,-1,0.0,0.0,-0.5706637365913391,-0.30071932651471334,0,1.0,0.0
59,4,0.0,-1,0.0,0.0,-0.5716310007667541,-0.30071932651471334,0,1.0,4.0
60,1,0.0,0.0,1,0.0,0.0328321885317564,0.9760289478361718,0,1.0,0.0
60,1,0.0,0.0,0.0,1.0,0.5724878907203674,0.9760289478361718,0,1.0,1.0
60,2,0.0,0.0,1,0.0,0.0328321885317564,1.0003242028903319,0,1.0,0.0
60,2,0.0,0.0,0.0,-1.0,-0.5724978907203674,1.0003242028903319,0,1.0,1.0
60,3,0.0,0.0,-1,0.0,-0.032842188531756404,-0.06453487434883495,0,1.0,0.0
60,3,0.0,0.0,0.0,1.0,0.890008807182312,-0.06453487434883495,0,1.0,4.0
60,4,0.0,0.0,-1,0.0,-0.032842188531756404,0.8183006325530213,0,1.0,0.0
60,4,0.0,0.0,0.0,-1.0,-0.890018807182312,0.8183006325530213,0,1.0,4.0
61,1,1,0.0,0.0,0.0,0.7865709066390991,-0.07570017929603882,0,1.0,0.0
61,1,0.0,0.0,0.0,1.0,0.7664334177970886,-0.07570017929603882,0,1.0,1.0
61,2,1,0.0,0.0,0.0,0.7865709066390991,0.523696920372657,0,1.0,0.0
61,2,0.0,0.0,0.0,-1.0,-0.7664434177970886,0.523696920372657,0,1.0,1.0
61,3,-1,0.0,0.0,0.0,-0.7865809066390991,-1.000003698501926,0,1.0,0.0
61,3,0.0,0.0,0.0,1.0,0.7855399549007416,-1.000003698501926,0,1.0,4.0
61,4,-1,0.0,0.0,0.0,-0.7865809066390991,-1.0001412237672413,0,1.0,0.0
61,4,0.0,0.0,0.0,-1.0,-0.7855499549007415,-1.0001412237672413,0,1.0,4.0
62,1,1,0.0,0.0,0.0,0.19839690625667572,1.000010850193609,0,1.0,0.0
62,1,0.0,1.0,0.0,0.0,0.7217199802398682,1.000010850193609,0,1.0,1.0
62,2,1,0.0,0.0,0.0,0.19839690625667572,1.0000543757419074,0,1.0,0.0
62,2,0.0,-1.0,0.0,0.0,-0.7217299802398681,1.0000543757419074,0,1.0,1.0
62,3,-1,0.0,0.0,0.0,-0.19840690625667573,0.6251731679497466,0,1.0,0.0
62,3,0.0,0.0,1.0,0.0,0.10827751085162163,0.6251731679497466,0,1.0,4.0
62,4,-1,0.0,0.0,0.0,-0.19840690625667573,-0.20656967649381508,0,1.0,0.0
62,4,0.0,0.0,-1.0,0.0,-0.10828751085162162,-0.20656967649381508,0,1.0,4.0
63,1,1,0.0,0.0,0.0,0.4797813445329666,0.6261791896315672,0,1.0,0.0
63,1,0.0,1.0,0.0,0.0,0.8061942756175995,0.6261791896315672,0,1.0,1.0
63,2,1,0.0,0.0,0.0,0.4797813445329666,-0.5811102904550057,0,1.0,0.0
63,2,0.0,-1.0,0.0,0.0,-0.8062042756175994,-0.5811102904550057,0,1.0,1.0
63,3,-1,0.0,0.0,0.0,-0.4797913445329666,-1.0003149653929209,0,1.0,0.0
63,3,1,0.0,0.0,0.0,0.48021475970745087,-1.0003149653929209,0,1.0,4.0
63,4,-1,0.0,0.0,0.0,-0.4797913445329666,-0.16851461463695386,0,1.0,0.0
63,4,-1,0.0,0.0,0.0,-0.4802247597074509,-0.16851461463695386,0,1.0,4.0
64,1,0.0,0.0,1,0.0,0.3220130503177643,0.6134962797852402,0,1.0,0.0
64,1,0.0,1.0,0.0,0.0,0.5847081542015076,0.6134962797852402,0,1.0,1.0
64,2,0.0,0.0,1,0.0,0.3220130503177643,-0.10638145476611452,0,1.0,0.0
64,2,0.0,-1.0,0.0,0.0,-0.5847181542015075,-0.10638145476611452,0,1.0,1.0
64,3,0.0,0.0,-1,0.0,-0.3220230503177643,-1.0006087320583048,0,1.0,0.0
64,3,0.0,0.0,1,0.0,0.32249121367931366,-1.0006087320583048,0,1.0,4.0
64,4,0.0,0.0,-1,0.0,-0.3220230503177643,-0.40383845888711456,0,1.0,0.0
64,4,0.0,0.0,-1,0.0,-0.32250121367931367,-0.40383845888711456,0,1.0,4.0
65,1,0.0,1,0.0,0.0,0.1921406015753746,1.0000047811649628,0,1.0,0.0
65,1,1.0,0.0,0.0,0.0,0.3787905126810074,1.0000047811649628,0,1.0,1.0
65,2,0.0,1,0.0,0.0,0.1921406015753746,1.0001124329592554,0,1.0,0.0
65,2,-1.0,0.0,0.0,0.0,-0.3788005126810074,1.0001124329592554,0,1.0,1.0
65,3,0.0,-1,0.0,0.0,-0.1921506015753746,0.045578657448907337,0,1.0,0.0
65,3,0.0,0.0,1.0,0.0,0.5183061361312866,0.045578657448907337,0,1.0,4.0
65,4,0.0,-1,0.0,0.0,-0.1921506015753746,-0.754021463699811,0,1.0,0.0
65,4,0.0,0.0,-1.0,0.0,-0.5183161361312866,-0.754021463699811,0,1.0,4.0
66,1,1,0.0,0.0,0.0,0.4877092242240906,1.0000330801135355,0,1.0,0.0
66,1,1,0.0,0.0,0.0,0.11401250585913658,1.0000330801135355,0,1.0,1.0
66,2,1,0.0,0.0,0.0,0.4877092242240906,0.36737241569744933,0,1.0,0.0
66,2,-1,0.0,0.0,0.0,-0.11402250585913658,0.36737241569744933,0,1.0,1.0
66,3,-1,0.0,0.0,0.0,-0.4877192242240906,0.13916309386830591,0,1.0,0.0
66,3,0.0,0.0,1.0,0.0,0.22065414488315582,0.13916309386830591,0,1.0,4.0
66,4,-1,0.0,0.0,0.0,-0.4877192242240906,-0.5470763251465096,0,1.0,0.0
66,4,0.0,0.0,-1.0,0.0,-0.22066414488315583,-0.5470763251465096,0,1.0,4.0
67,1,0.0,1,0.0,0.0,0.7500963509082794,0.36392428893623036,0,1.0,0.0
67,1,1.0,0.0,0.0,0.0,0.6369700729846954,0.36392428893623036,0,1.0,1.0
67,2,0.0,1,0.0,0.0,0.7500963509082794,-0.7102930485711026,0,1.0,0.0
67,2,-1.0,0.0,0.0,0.0,-0.6369800729846954,-0.7102930485711026,0,1.0,1.0
67,3,0.0,-1,0.0,0.0,-0.7501063509082794,-1.0003554328025945,0,1.0,0.0
67,3,0.0,1,0.0,0.0,0.7511422038078308,-1.0003554328025945,0,1.0,4.0
67,4,0.0,-1,0.0,0.0,-0.7501063509082794,-0.7474849158769021,0,1.0,0.0
67,4,0.0,-1,0.0,0.0,-0.7511522038078308,-0.7474849158769021,0,1.0,4.0
68,1,0.0,0.0,1,0.0,0.495606005191803,1.0000246065502658,0,1.0,0.0
68,1,1.0,0.0,0.0,0.0,0.14811889827251434,1.0000246065502658,0,1.0,1.0
68,2,0.0,0.0,1,0.0,0.495606005191803,0.03507043886609585,0,1.0,0.0
68,2,-1.0,0.0,0.0,0.0,-0.14812889827251435,0.03507043886609585,0,1.0,1.0
68,3,0.0,0.0,-1,0.0,-0.495616005191803,-1.0003685012246935,0,1.0,0.0
68,3,0.0,0.0,1,0.0,0.4959571063518524,-1.0003685012246935,0,1.0,4.0
68,4,0.0,0.0,-1,0.0,-0.495616005191803,-0.4968893450065159,0,1.0,0.0
68,4,0.0,0.0,-1,0.0,-0.4959671063518524,-0.4968893450065159,0,1.0,4.0
69,1,0.0,1,0.0,0.0,0.5144014656543732,0.904031417661981,0,1.0,0.0
69,1,0.0,0.0,1.0,0.0,0.2881663590669632,0.904031417661981,0,1.0,1.0
69,2,0.0,1,0.0,0.0,0.5144014656543732,0.1537456442349855,0,1.0,0.0
69,2,0.0,0.0,-1.0,0.0,-0.2881763590669632,0.1537456442349855,0,1.0,1.0
69,3,0.0,-1,0.0,0.0,-0.5144114656543731,-0.12151545069517021,0,1.0,0.0
69,3,0.0,0.0,1.0,0.0,0.4911409318447113,-0.12151545069517021,0,1.0,4.0
69,4,0.0,-1,0.0,0.0,-0.5144114656543731,-1.0000704992779585,0,1.0,0.0
69,4,0.0,0.0,-1.0,0.0,-0.4911509318447113,-1.0000704992779585,0,1.0,4.0
70,1,0.0,0.0,1,0.0,0.0212785666808486,0.957796578483928,0,1.0,0.0
70,1,0.0,0.0,0.0,1.0,0.5602580606937408,0.957796578483928,0,1.0,1.0
70,2,0.0,0.0,1,0.0,0.0212785666808486,1.0001670786586618,0,1.0,0.0
70,2,0.0,0.0,0.0,-1.0,-0.5602680606937408,1.0001670786586618,0,1.0,1.0
70,3,0.0,0.0,-1,0.0,-0.021288566680848598,0.4997585104725627,0,1.0,0.0
70,3,1.0,0.0,0.0,0.0,0.43733711540699005,0.4997585104725627,0,1.0,4.0
70,4,0.0,0.0,-1,0.0,-0.021288566680848598,-0.21627856032019377,0,1.0,0.0
70,4,-1.0,0.0,0.0,0.0,-0.43734711540699006,-0.21627856032019377,0,1.0,4.0
71,1,0.0,1,0.0,0.0,0.6799832880496979,0.9206901148797988,0,1.0,0.0
71,1,0.0,0.0,1.0,0.0,0.1775604709982872,0.9206901148797988,0,1.0,1.0
71,2,0.0,1,0.0,0.0,0.6799832880496979,-0.13620122793352185,0,1.0,0.0
71,2,0.0,0.0,-1.0,0.0,-0.1775704709982872,-0.13620122793352185,0,1.0,1.0
71,3,0.0,-1,0.0,0.0,-0.6799932880496978,-1.0001783502941985,0,1.0,0.0
71,3,0.0,1,0.0,0.0,0.6828102767467499,-1.0001783502941985,0,1.0,4.0
71,4,0.0,-1,0.0,0.0,-0.6799932880496978,-0.6112236332197152,0,1.0,0.0
71,4,0.0,-1,0.0,0.0,-0.6828202767467498,-0.6112236332197152,0,1.0,4.0
72,1,1,0.0,0.0,0.0,0.5351004898548126,0.22663281392255855,0,1.0,0.0
72,1,1,0.0,0.0,0.0,0.5323197543621063,0.22663281392255855,0,1.0,1.0
72,2,1,0.0,0.0,0.0,0.5351004898548126,1.000150947931326,0,1.0,0.0
72,2,-1,0.0,0.0,0.0,-0.5323297543621063,1.000150947931326,0,1.0,1.0
72,3,-1,0.0,0.0,0.0,-0.5351104898548126,-1.0000706588814476,0,1.0,0.0
72,3,1,0.0,0.0,0.0,0.5353233218193054,-1.0000706588814476,0,1.0,4.0
72,4,-1,0.0,0.0,0.0,-0.5351104898548126,-0.13370104772513586,0,1.0,0.0
72,4,-1,0.0,0.0,0.0,-0.5353333218193054,-0.13370104772513586,0,1.0,4.0
73,1,0.0,0.0,0.0,1,0.890008807182312,0.9680797102030825,0,1.0,0.0
73,1,1.0,0.0,0.0,0.0,0.30354295670986176,0.9680797102030825,0,1.0,1.0
73,2,0.0,0.0,0.0,1,0.890008807182312,-0.1558318907595829,0,1.0,0.0
73,2,-1.0,0.0,0.0,0.0,-0.30355295670986177,-0.1558318907595829,0,1.0,1.0
73,3,0.0,0.0,0.0,-1,-0.890018807182312,1.0000906411345083,0,1.0,0.0
73,3,0.0,0.0,0.0,1,0.8916546106338501,1.0000906411345083,0,1.0,4.0
73,4,0.0,0.0,0.0,-1,-0.890018807182312,0.7193940571852494,0,1.0,0.0
73,4,0.0,0.0,0.0,-1,-0.89166461063385,0.7193940571852494,0,1.0,4.0
74,1,0.0,0.0,1,0.0,0.01409740000963211,1.0000127145310538,0,1.0,0.0
74,1,0.0,0.0,1,0.0,0.01171731948852539,1.0000127145310538,0,1.0,1.0
74,2,0.0,0.0,1,0.0,0.01409740000963211,1.0000486171966145,0,1.0,0.0
74,2,0.0,0.0,-1,0.0,-0.01172731948852539,1.0000486171966145,0,1.0,1.0
74,3,0.0,0.0,-1,0.0,-0.01410740000963211,0.14694264855009592,0,1.0,0.0
74,3,0.0,1.0,0.0,0.0,0.6799832880496979,0.14694264855009592,0,1.0,4.0
74,4,0.0,0.0,-1,0.0,-0.01410740000963211,-0.6780160858172485,0,1.0,0.0
74,4,0.0,-1.0,0.0,0.0,-0.6799932880496978,-0.6780160858172485,0,1.0,4.0
75,1,0.0,0.0,1,0.0,0.3220130503177643,1.0000613239678375,0,1.0,0.0
75,1,0.0,1.0,0.0,0.0,0.3877667486667633,1.0000613239678375,0,1.0,1.0
75,2,0.0,0.0,1,0.0,0.3220130503177643,0.17764497239711233,0,1.0,0.0
75,2,0.0,-1.0,0.0,0.0,-0.3877767486667633,0.17764497239711233,0,1.0,1.0
75,3,0.0,0.0,-1,0.0,-0.3220230503177643,-1.0001090714893963,0,1.0,0.0
75,3,0.0,0.0,1,0.0,0.32249121367931366,-1.0001090714893963,0,1.0,4.0
75,4,0.0,0.0,-1,0.0,-0.3220230503177643,-0.3517203889887097,0,1.0,0.0
75,4,0.0,0.0,-1,0.0,-0.32250121367931367,-0.3517203889887097,0,1.0,4.0
76,1,0.0,1,0.0,0.0,0.32586146891117096,1.0001236992602116,0,1.0,0.0
76,1,0.0,0.0,1.0,0.0,0.38136430084705353,1.0001236992602116,0,1.0,1.0
76,2,0.0,1,0.0,0.0,0.32586146891117096,0.8064164228241115,0,1.0,0.0
76,2,0.0,0.0,-1.0,0.0,-0.38137430084705354,0.8064164228241115,0,1.0,1.0
76,3,0.0,-1,0.0,0.0,-0.32587146891117097,-0.043584304709687494,0,1.0,0.0
76,3,0.0,0.0,1.0,0.0,0.5171257853507996,-0.043584304709687494,0,1.0,4.0
76,4,0.0,-1,0.0,0.0,-0.32587146891117097,-0.9986352732397837,0,1.0,0.0
76,4,0.0,0.0,-1.0,0.0,-0.5171357853507995,-0.9986352732397837,0,1.0,4.0
77,1,1,0.0,0.0,0.0,0.6904967725276947,-0.11406950933435829,0,1.0,0.0
77,1,0.0,0.0,0.0,1.0,0.7718421518802643,-0.11406950933435829,0,1.0,1.0
77,2,1,0.0,0.0,0.0,0.6904967725276947,0.681088045420632,0,1.0,0.0
77,2,0.0,0.0,0.0,-1.0,-0.7718521518802642,0.681088045420632,0,1.0,1.0
77,3,-1,0.0,0.0,0.0,-0.6905067725276947,-1.000035283369697,0,1.0,0.0
77,3,1,0.0,0.0,0.0,0.6906374096870422,-1.000035283369697,0,1.0,4.0
77,4,-1,0.0,0.0,0.0,-0.6905067725276947,-1.0000321468888975,0,1.0,0.0
77,4,-1,0.0,0.0,0.0,-0.6906474096870422,-1.0000321468888975,0,1.0,4.0
78,1,0.0,0.0,1,0.0,0.23776229470968246,0.6778249968066844,0,1.0,0.0
78,1,0.0,1.0,0.0,0.0,0.6980265378952026,0.6778249968066844,0,1.0,1.0
78,2,0.0,0.0,1,0.0,0.23776229470968246,-0.32599250334647817,0,1.0,0.0
78,2,0.0,-1.0,0.0,0.0,-0.6980365378952026,-0.32599250334647817,0,1.0,1.0
78,3,0.0,0.0,-1,0.0,-0.23777229470968247,0.5631837893103925,0,1.0,0.0
78,3,1.0,0.0,0.0,0.0,0.40723954141139984,0.5631837893103925,0,1.0,4.0
78,4,0.0,0.0,-1,0.0,-0.23777229470968247,-0.6654687401815197,0,1.0,0.0
78,4,-1.0,0.0,0.0,0.0,-0.40724954141139985,-0.6654687401815197,0,1.0,4.0
79,1,1,0.0,0.0,0.0,0.20889312028884888,0.8902284664382958,0,1.0,0.0
79,1,1,0.0,0.0,0.0,0.2069856971502304,0.8902284664382958,0,1.0,1.0
79,2,1,0.0,0.0,0.0,0.20889312028884888,1.000045930745084,0,1.0,0.0
79,2,-1,0.0,0.0,0.0,-0.20699569715023042,1.000045930745084,0,1.0,1.0
79,3,-1,0.0,0.0,0.0,-0.2089031202888489,0.38321738976751807,0,1.0,0.0
79,3,0.0,1.0,0.0,0.0,0.5038324296474457,0.38321738976751807,0,1.0,4.0
79,4,-1,0.0,0.0,0.0,-0.2089031202888489,-0.3467464768673948,0,1.0,0.0
79,4,0.0,-1.0,0.0,0.0,-0.5038424296474456,-0.3467464768673948,0,1.0,4.0
80,1,0.0,0.0,1,0.0,0.07168027013540268,0.7448555972601825,0,1.0,0.0
80,1,0.0,0.0,1,0.0,0.07129256427288055,0.7448555972601825,0,1.0,1.0
80,2,0.0,0.0,1,0.0,0.07168027013540268,1.000109857741622,0,1.0,0.0
80,2,0.0,0.0,-1,0.0,-0.07130256427288055,1.000109857741622,0,1.0,1.0
80,3,0.0,0.0,-1,0.0,-0.07169027013540268,0.1603772647538593,0,1.0,0.0
80,3,1.0,0.0,0.0,0.0,0.5452433526515961,0.1603772647538593,0,1.0,4.0
80,4,0.0,0.0,-1,0.0,-0.07169027013540268,-0.6358368883888305,0,1.0,0.0
80,4,-1.0,0.0,0.0,0.0,-0.545253352651596,-0.6358368883888305,0,1.0,4.0
81,1,0.0,0.0,1,0.0,0.4246257543563843,0.5135717113901551,0,1.0,0.0
81,1,0.0,1.0,0.0,0.0,0.6227254271507263,0.5135717113901551,0,1.0,1.0
81,2,0.0,0.0,1,0.0,0.4246257543563843,-0.18929166234955808,0,1.0,0.0
81,2,0.0,-1.0,0.0,0.0,-0.6227354271507263,-0.18929166234955808,0,1.0,1.0
81,3,0.0,0.0,-1,0.0,-0.4246357543563843,-1.0000232166228824,0,1.0,0.0
81,3,0.0,0.0,1,0.0,0.42469899356365204,-1.0000232166228824,0,1.0,4.0
81,4,0.0,0.0,-1,0.0,-0.4246357543563843,-0.5266320797476726,0,1.0,0.0
81,4,0.0,0.0,-1,0.0,-0.42470899356365205,-0.5266320797476726,0,1.0,4.0
82,1,0.0,0.0,1,0.0,0.10039632022380829,1.0000182891484484,0,1.0,0.0
82,1,0.0,1.0,0.0,0.0,0.6973286867141724,1.0000182891484484,0,1.0,1.0
82,2,0.0,0.0,1,0.0,0.10039632022380829,-0.8973719694838227,0,1.0,0.0
82,2,0.0,-1.0,0.0,0.0,-0.6973386867141723,-0.8973719694838227,0,1.0,1.0
82,3,0.0,0.0,-1,0.0,-0.10040632022380828,0.22238322710044484,0,1.0,0.0
82,3,1.0,0.0,0.0,0.0,0.5314035713672638,0.22238322710044484,0,1.0,4.0
82,4,0.0,0.0,-1,0.0,-0.10040632022380828,-0.5469307306608058,0,1.0,0.0
82,4,-1.0,0.0,0.0,0.0,-0.5314135713672637,-0.5469307306608058,0,1.0,4.0
83,1,0.0,0.0,1,0.0,0.5339199304580688,-0.1250264178454486,0,1.0,0.0
83,1,0.0,0.0,0.0,1.0,0.7639642655849457,-0.1250264178454486,0,1.0,1.0
83,2,0.0,0.0,1,0.0,0.5339199304580688,0.525058393022421,0,1.0,0.0
83,2,0.0,0.0,0.0,-1.0,-0.7639742655849456,0.525058393022421,0,1.0,1.0
83,3,0.0,0.0,-1,0.0,-0.5339299304580688,-0.32886534632621667,0,1.0,0.0
83,3,0.0,1.0,0.0,0.0,0.5218733996152878,-0.32886534632621667,0,1.0,4.0
83,4,0.0,0.0,-1,0.0,-0.5339299304580688,-1.0000193533946453,0,1.0,0.0
83,4,0.0,-1.0,0.0,0.0,-0.5218833996152877,-1.0000193533946453,0,1.0,4.0
84,1,1,0.0,0.0,0.0,0.18492957949638367,1.000002564907954,0,1.0,0.0
84,1,1,0.0,0.0,0.0,0.1846194863319397,1.000002564907954,0,1.0,1.0
84,2,1,0.0,0.0,0.0,0.18492957949638367,1.0000105280415892,0,1.0,0.0
84,2,-1,0.0,0.0,0.0,-0.1846294863319397,1.0000105280415892,0,1.0,1.0
84,3,-1,0.0,0.0,0.0,-0.18493957949638368,1.000006421466815,0,1.0,0.0
84,3,0.0,1.0,0.0,0.0,0.24293256551027298,1.000006421466815,0,1.0,4.0
84,4,-1,0.0,0.0,0.0,-0.18493957949638368,-0.1317939941120567,0,1.0,0.0
84,4,0.0,-1.0,0.0,0.0,-0.242942565510273,-0.1317939941120567,0,1.0,4.0
85,1,0.0,0.0,1,0.0,0.3606780618429184,0.3958547008080667,0,1.0,0.0
85,1,1.0,0.0,0.0,0.0,0.6369700729846954,0.3958547008080667,0,1.0,1.0
85,2,0.0,0.0,1,0.0,0.3606780618429184,-0.7343227024127189,0,1.0,0.0
85,2,-1.0,0.0,0.0,0.0,-0.6369800729846954,-0.7343227024127189,0,1.0,1.0
85,3,0.0,0.0,-1,0.0,-0.3606880618429184,-1.0000128233553056,0,1.0,0.0
85,3,0.0,0.0,1,0.0,0.36324337124824524,-1.0000128233553056,0,1.0,4.0
85,4,0.0,0.0,-1,0.0,-0.3606880618429184,-0.23597725659917798,0,1.0,0.0
85,4,0.0,0.0,-1,0.0,-0.36325337124824525,-0.23597725659917798,0,1.0,4.0
86,1,0.0,1,0.0,0.0,0.7356172502040863,0.8429742252812636,0,1.0,0.0
86,1,0.0,0.0,1.0,0.0,0.1673724353313446,0.8429742252812636,0,1.0,1.0
86,2,0.0,1,0.0,0.0,0.7356172502040863,-0.07341499347425616,0,1.0,0.0
86,2,0.0,0.0,-1.0,0.0,-0.16738243533134461,-0.07341499347425616,0,1.0,1.0
86,3,0.0,-1,0.0,0.0,-0.7356272502040863,-0.713874241322145,0,1.0,0.0
86,3,1.0,0.0,0.0,0.0,0.5303366482257843,-0.713874241322145,0,1.0,4.0
86,4,0.0,-1,0.0,0.0,-0.7356272502040863,-1.0000000283934662,0,1.0,0.0
86,4,-1.0,0.0,0.0,0.0,-0.5303466482257843,-1.0000000283934662,0,1.0,4.0
87,1,1,0.0,0.0,0.0,0.4813264012336731,0.37650223391434984,0,1.0,0.0
87,1,1,0.0,0.0,0.0,0.48071055114269257,0.37650223391434984,0,1.0,1.0
87,2,1,0.0,0.0,0.0,0.4813264012336731,1.000010410714534,0,1.0,0.0
87,2,-1,0.0,0.0,0.0,-0.4807205511426926,1.000010410714534,0,1.0,1.0
87,3,-1,0.0,0.0,0.0,-0.4813364012336731,-1.0000253470205296,0,1.0,0.0
87,3,0.0,1.0,0.0,0.0,0.2740985006093979,-1.0000253470205296,0,1.0,4.0
87,4,-1,0.0,0.0,0.0,-0.4813364012336731,-0.2253209498789018,0,1.0,0.0
87,4,0.0,-1.0,0.0,0.0,-0.2741085006093979,-0.2253209498789018,0,1.0,4.0
88,1,0.0,1,0.0,0.0,0.5038324296474457,0.7886274272791605,0,1.0,0.0
88,1,0.0,0.0,1.0,0.0,0.30122987926006317,0.7886274272791605,0,1.0,1.0
88,2,0.0,1,0.0,0.0,0.5038324296474457,0.27950112800800136,0,1.0,0.0
88,2,0.0,0.0,-1.0,0.0,-0.3012398792600632,0.27950112800800136,0,1.0,1.0
88,3,0.0,-1,0.0,0.0,-0.5038424296474456,-0.1447391205580462,0,1.0,0.0
88,3,0.0,0.0,1.0,0.0,0.5159066915512085,-0.1447391205580462,0,1.0,4.0
88,4,0.0,-1,0.0,0.0,-0.5038424296474456,-1.0000069497683266,0,1.0,0.0
88,4,0.0,0.0,-1.0,0.0,-0.5159166915512085,-1.0000069497683266,0,1.0,4.0
89,1,1,0.0,0.0,0.0,0.2198580801486969,0.6994655566278472,0,1.0,0.0
89,1,1,0.0,0.0,0.0,0.2069856971502304,0.6994655566278472,0,1.0,1.0
89,2,1,0.0,0.0,0.0,0.2198580801486969,1.0000159367660828,0,1.0,0.0
89,2,-1,0.0,0.0,0.0,-0.20699569715023042,1.0000159367660828,0,1.0,1.0
89,3,-1,0.0,0.0,0.0,-0.2198680801486969,0.9976048914262817,0,1.0,0.0
89,3,0.0,0.0,1.0,0.0,0.0212785666808486,0.9976048914262817,0,1.0,4.0
89,4,-1,0.0,0.0,0.0,-0.2198680801486969,-0.11113276295389599,0,1.0,0.0
89,4,0.0,0.0,-1.0,0.0,-0.021288566680848598,-0.11113276295389599,0,1.0,4.0
90,1,0.0,1,0.0,0.0,0.8101437985897064,0.6058557349998062,0,1.0,0.0
90,1,0.0,0.0,1.0,0.0,0.2263568416237831,0.6058557349998062,0,1.0,1.0
90,2,0.0,1,0.0,0.0,0.8101437985897064,-0.14853109873885803,0,1.0,0.0
90,2,0.0,0.0,-1.0,0.0,-0.22636684162378312,-0.14853109873885803,0,1.0,1.0
90,3,0.0,-1,0.0,0.0,-0.8101537985897064,-1.000009682219868,0,1.0,0.0
90,3,0.0,1,0.0,0.0,0.8105310797691345,-1.000009682219868,0,1.0,4.0
90,4,0.0,-1,0.0,0.0,-0.8101537985897064,-0.701212812112533,0,1.0,0.0
90,4,0.0,-1,0.0,0.0,-0.8105410797691345,-0.701212812112533,0,1.0,4.0
91,1,1,0.0,0.0,0.0,0.4608748257160187,-0.8909328229902109,0,1.0,0.0
91,1,0.0,0.0,1.0,0.0,0.17126671969890594,-0.8909328229902109,0,1.0,1.0
91,2,1,0.0,0.0,0.0,0.4608748257160187,0.6643791543068593,0,1.0,0.0
91,2,0.0,0.0,-1.0,0.0,-0.17127671969890595,0.6643791543068593,0,1.0,1.0
91,3,-1,0.0,0.0,0.0,-0.4608848257160187,-1.0000082603715812,0,1.0,0.0
91,3,1,0.0,0.0,0.0,0.46139439940452576,-1.0000082603715812,0,1.0,4.0
91,4,-1,0.0,0.0,0.0,-0.4608848257160187,-0.21548408127077243,0,1.0,0.0
91,4,-1,0.0,0.0,0.0,-0.46140439940452577,-0.21548408127077243,0,1.0,4.0
92,1,0.0,1,0.0,0.0,0.5144014656543732,0.665572018589604,0,1.0,0.0
92,1,0.0,0.0,1.0,0.0,0.30122987926006317,0.665572018589604,0,1.0,1.0
92,2,0.0,1,0.0,0.0,0.5144014656543732,0.10543685047204535,0,1.0,0.0
92,2,0.0,0.0,-1.0,0.0,-0.3012398792600632,0.10543685047204535,0,1.0,1.0
92,3,0.0,-1,0.0,0.0,-0.5144114656543731,-0.10839288895701174,0,1.0,0.0
92,3,0.0,0.0,1.0,0.0,0.4911409318447113,-0.10839288895701174,0,1.0,4.0
92,4,0.0,-1,0.0,0.0,-0.5144114656543731,-1.0000049439296141,0,1.0,0.0
92,4,0.0,0.0,-1.0,0.0,-0.4911509318447113,-1.0000049439296141,0,1.0,4.0
93,1,1,0.0,0.0,0.0,0.8082592189311981,0.5191785778485708,0,1.0,0.0
93,1,0.0,0.0,1.0,0.0,0.23992159217596054,0.5191785778485708,0,1.0,1.0
93,2,1,0.0,0.0,0.0,0.8082592189311981,-0.21102912410988978,0,1.0,0.0
93,2,0.0,0.0,-1.0,0.0,-0.23993159217596055,-0.21102912410988978,0,1.0,1.0
93,3,-1,0.0,0.0,0.0,-0.8082692189311981,-1.0000000094593289,0,1.0,0.0
93,3,0.0,0.0,0.0,1.0,0.80253005027771,-1.0000000094593289,0,1.0,4.0
93,4,-1,0.0,0.0,0.0,-0.8082692189311981,-1.0000079199696337,0,1.0,0.0
93,4,0.0,0.0,0.0,-1.0,-0.8025400502777099,-1.0000079199696337,0,1.0,4.0
94,1,0.0,1,0.0,0.0,0.44874218106269836,0.5057583326593807,0,1.0,0.0
94,1,0.0,1,0.0,0.0,0.4471537619829178,0.5057583326593807,0,1.0,1.0
94,2,0.0,1,0.0,0.0,0.44874218106269836,1.000005705902754,0,1.0,0.0
94,2,0.0,-1,0.0,0.0,-0.4471637619829178,1.000005705902754,0,1.0,1.0
94,3,0.0,-1,0.0,0.0,-0.4487521810626984,-0.13053025142465965,0,1.0,0.0
94,3,0.0,0.0,1.0,0.0,0.4378206580877304,-0.13053025142465965,0,1.0,4.0
94,4,0.0,-1,0.0,0.0,-0.4487521810626984,-1.0000049329543992,0,1.0,0.0
94,4,0.0,0.0,-1.0,0.0,-0.4378306580877304,-1.0000049329543992,0,1.0,4.0
95,1,0.0,0.0,0.0,1,0.7717245221138,0.32332403651219005,0,1.0,0.0
95,1,1.0,0.0,0.0,0.0,0.45950284600257874,0.32332403651219005,0,1.0,1.0
95,2,0.0,0.0,0.0,1,0.7717245221138,-0.47998037181481357,0,1.0,0.0
95,2,-1.0,0.0,0.0,0.0,-0.45951284600257875,-0.47998037181481357,0,1.0,1.0
95,3,0.0,0.0,0.0,-1,-0.7717345221138,0.7963407859039685,0,1.0,0.0
95,3,1.0,0.0,0.0,0.0,0.5563146770000458,0.7963407859039685,0,1.0,4.0
95,4,0.0,0.0,0.0,-1,-0.7717345221138,-0.32340304400025466,0,1.0,0.0
95,4,-1.0,0.0,0.0,0.0,-0.5563246770000457,-0.32340304400025466,0,1.0,4.0
96,1,0.0,0.0,0.0,1,0.07060567289590836,-1.000000195793361,0,1.0,0.0
96,1,1.0,0.0,0.0,0.0,0.3306434750556946,-1.000000195793361,0,1.0,1.0
96,2,0.0,0.0,0.0,1,0.07060567289590836,-1.000003464649219,0,1.0,0.0
96,2,-1.0,0.0,0.0,0.0,-0.3306534750556946,-1.000003464649219,0,1.0,1.0
96,3,0.0,0.0,0.0,-1,-0.07061567289590835,0.513638437188737,0,1.0,0.0
96,3,0.0,0.0,1.0,0.0,0.17001313716173172,0.513638437188737,0,1.0,4.0
96,4,0.0,0.0,0.0,-1,-0.07061567289590835,-0.20223191438678453,0,1.0,0.0
96,4,0.0,0.0,-1.0,0.0,-0.17002313716173173,-0.20223191438678453,0,1.0,4.0
97,1,0.0,1,0.0,0.0,0.7500963509082794,0.3956523056794951,0,1.0,0.0
97,1,1.0,0.0,0.0,0.0,0.5858050584793091,0.3956523056794951,0,1.0,1.0
97,2,0.0,1,0.0,0.0,0.7500963509082794,-0.4413908484714828,0,1.0,0.0
97,2,-1.0,0.0,0.0,0.0,-0.585815058479309,-0.4413908484714828,0,1.0,1.0
97,3,0.0,-1,0.0,0.0,-0.7501063509082794,-1.000012689714541,0,1.0,0.0
97,3,0.0,1,0.0,0.0,0.7511422038078308,-1.000012689714541,0,1.0,4.0
97,4,0.0,-1,0.0,0.0,-0.7501063509082794,-0.6681858397020112,0,1.0,0.0
97,4,0.0,-1,0.0,0.0,-0.7511522038078308,-0.6681858397020112,0,1.0,4.0
98,1,0.0,0.0,1,0.0,0.3606780618429184,1.000001190061141,0,1.0,0.0
98,1,1.0,0.0,0.0,0.0,0.28597596287727356,1.000001190061141,0,1.0,1.0
98,2,0.0,0.0,1,0.0,0.3606780618429184,0.07355424131733719,0,1.0,0.0
98,2,-1.0,0.0,0.0,0.0,-0.28598596287727357,0.07355424131733719,0,1.0,1.0
98,3,0.0,0.0,-1,0.0,-0.3606880618429184,-1.0000022076591155,0,1.0,0.0
98,3,0.0,0.0,1,0.0,0.36324337124824524,-1.0000022076591155,0,1.0,4.0
98,4,0.0,0.0,-1,0.0,-0.3606880618429184,-0.4996671823675411,0,1.0,0.0
98,4,0.0,0.0,-1,0.0,-0.36325337124824525,-0.4996671823675411,0,1.0,4.0
99,1,0.0,0.0,1,0.0,0.10039632022380829,1.0000036395579999,0,1.0,0.0
99,1,0.0,1.0,0.0,0.0,0.5855987071990967,1.0000036395579999,0,1.0,1.0
99,2,0.0,0.0,1,0.0,0.10039632022380829,0.7575613715104998,0,1.0,0.0
99,2,0.0,-1.0,0.0,0.0,-0.5856087071990966,0.7575613715104998,0,1.0,1.0
99,3,0.0,0.0,-1,0.0,-0.10040632022380828,0.2768007787252301,0,1.0,0.0
99,3,1.0,0.0,0.0,0.0,0.4797813445329666,0.2768007787252301,0,1.0,4.0
99,4,0.0,0.0,-1,0.0,-0.10040632022380828,-0.28361498359251486,0,1.0,0.0
99,4,-1.0,0.0,0.0,0.0,-0.4797913445329666,-0.28361498359251486,0,1.0,4.0
