Tree_id,ID,X_0,X_1,X_2,X_3,X_4,X_5,X_6,X_7,threshold,prediction,initial_prediction,learning_rate,node_ID
0,1,0.0,1,0.0,0.0,0.0,0.0,0.0,0.0,0.6407034993171692,-1.1624263920251139,0,1.0,0.0
0,1,0.0,0.0,0.0,0.0,0.0,0.0,0.0,1.0,0.1250000037252903,-1.1624263920251139,0,1.0,1.0
0,2,0.0,1,0.0,0.0,0.0,0.0,0.0,0.0,0.6407034993171692,-0.07563230576091481,0,1.0,0.0
0,2,0.0,0.0,0.0,0.0,0.0,0.0,0.0,-1.0,-0.1250100037252903,-0.07563230576091481,0,1.0,1.0
0,3,0.0,-1,0.0,0.0,0.0,0.0,0.0,0.0,-0.6407134993171691,-0.14599842890809084,0,1.0,0.0
0,3,0.0,0.0,0.0,0.0,0.0,1.0,0.0,0.0,0.44634874165058136,-0.14599842890809084,0,1.0,4.0
0,4,0.0,-1,0.0,0.0,0.0,0.0,0.0,0.0,-0.6407134993171691,1.6536171317326411,0,1.0,0.0
0,4,0.0,0.0,0.0,0.0,0.0,-1.0,0.0,0.0,-0.44635874165058137,1.6536171317326411,0,1.0,4.0
1,1,0.0,1,0.0,0.0,0.0,0.0,0.0,0.0,0.7763819098472595,-1.1435940681590482,0,1.0,0.0
1,1,0.0,0.0,0.0,0.0,0.0,1.0,0.0,0.0,0.3926974684000015,-1.1435940681590482,0,1.0,1.0
1,2,0.0,1,0.0,0.0,0.0,0.0,0.0,0.0,0.7763819098472595,-0.0885562350698035,0,1.0,0.0
1,2,0.0,0.0,0.0,0.0,0.0,-1.0,0.0,0.0,-0.39270746840000154,-0.0885562350698035,0,1.0,1.0
1,3,0.0,-1,0.0,0.0,0.0,0.0,0.0,0.0,-0.7763919098472595,0.8383235563741162,0,1.0,0.0
1,3,0.0,0.0,0.0,0.0,1.0,0.0,0.0,0.0,0.6430259943008423,0.8383235563741162,0,1.0,4.0
1,4,0.0,-1,0.0,0.0,0.0,0.0,0.0,0.0,-0.7763919098472595,-1.73782944803722,0,1.0,0.0
1,4,0.0,0.0,0.0,0.0,-1.0,0.0,0.0,0.0,-0.6430359943008422,-1.73782944803722,0,1.0,4.0
2,1,0.0,0.0,0.0,0.0,0.0,0.0,1,0.0,0.18082835525274277,-0.3403909717910126,0,1.0,0.0
2,1,0.0,0.0,0.0,0.0,0.0,1.0,0.0,0.0,0.723546952009201,-0.3403909717910126,0,1.0,1.0
2,2,0.0,0.0,0.0,0.0,0.0,0.0,1,0.0,0.18082835525274277,2.1053317223268033,0,1.0,0.0
2,2,0.0,0.0,0.0,0.0,0.0,-1.0,0.0,0.0,-0.723556952009201,2.1053317223268033,0,1.0,1.0
2,3,0.0,0.0,0.0,0.0,0.0,0.0,-1,0.0,-0.18083835525274278,0.12894847459062045,0,1.0,0.0
2,3,1.0,0.0,0.0,0.0,0.0,0.0,0.0,0.0,0.44117647409439087,0.12894847459062045,0,1.0,4.0
2,4,0.0,0.0,0.0,0.0,0.0,0.0,-1,0.0,-0.18083835525274278,1.2556005033763946,0,1.0,0.0
2,4,-1.0,0.0,0.0,0.0,0.0,0.0,0.0,0.0,-0.4411864740943909,1.2556005033763946,0,1.0,4.0
3,1,0.0,1,0.0,0.0,0.0,0.0,0.0,0.0,0.4748743623495102,-1.1458205083002284,0,1.0,0.0
3,1,0.0,0.0,0.0,1.0,0.0,0.0,0.0,0.0,0.3080808073282242,-1.1458205083002284,0,1.0,1.0
3,2,0.0,1,0.0,0.0,0.0,0.0,0.0,0.0,0.4748743623495102,0.3114833329917222,0,1.0,0.0
3,2,0.0,0.0,0.0,-1.0,0.0,0.0,0.0,0.0,-0.3080908073282242,0.3114833329917222,0,1.0,1.0
3,3,0.0,-1,0.0,0.0,0.0,0.0,0.0,0.0,-0.4748843623495102,0.5356588151212661,0,1.0,0.0
3,3,0.0,1,0.0,0.0,0.0,0.0,0.0,0.0,0.6306532621383667,0.5356588151212661,0,1.0,4.0
3,4,0.0,-1,0.0,0.0,0.0,0.0,0.0,0.0,-0.4748843623495102,-0.20576247236942954,0,1.0,0.0
3,4,0.0,-1,0.0,0.0,0.0,0.0,0.0,0.0,-0.6306632621383667,-0.20576247236942954,0,1.0,4.0
4,1,0.0,1,0.0,0.0,0.0,0.0,0.0,0.0,0.8316583037376404,-0.1320135217263334,0,1.0,0.0
4,1,0.0,1,0.0,0.0,0.0,0.0,0.0,0.0,0.8266331553459167,-0.1320135217263334,0,1.0,1.0
4,2,0.0,1,0.0,0.0,0.0,0.0,0.0,0.0,0.8316583037376404,-3.477973752395139,0,1.0,0.0
4,2,0.0,-1,0.0,0.0,0.0,0.0,0.0,0.0,-0.8266431553459167,-3.477973752395139,0,1.0,1.0
4,3,0.0,-1,0.0,0.0,0.0,0.0,0.0,0.0,-0.8316683037376403,0.8449580456224828,0,1.0,0.0
4,3,0.0,0.0,1.0,0.0,0.0,0.0,0.0,0.0,0.7622950673103333,0.8449580456224828,0,1.0,4.0
4,4,0.0,-1,0.0,0.0,0.0,0.0,0.0,0.0,-0.8316683037376403,-1.818669672263358,0,1.0,0.0
4,4,0.0,0.0,-1.0,0.0,0.0,0.0,0.0,0.0,-0.7623050673103332,-1.818669672263358,0,1.0,4.0
5,1,0.0,0.0,0.0,0.0,0.0,0.0,0.0,1,0.6916666626930237,-0.114237277066383,0,1.0,0.0
5,1,0.0,0.0,0.0,0.0,0.0,0.0,0.0,1,0.32500000298023224,-0.114237277066383,0,1.0,1.0
5,2,0.0,0.0,0.0,0.0,0.0,0.0,0.0,1,0.6916666626930237,0.5105996653817935,0,1.0,0.0
5,2,0.0,0.0,0.0,0.0,0.0,0.0,0.0,-1,-0.32501000298023225,0.5105996653817935,0,1.0,1.0
5,3,0.0,0.0,0.0,0.0,0.0,0.0,0.0,-1,-0.6916766626930236,-1.0240232924311714,0,1.0,0.0
5,3,0.0,1.0,0.0,0.0,0.0,0.0,0.0,0.0,0.9648241102695465,-1.0240232924311714,0,1.0,4.0
5,4,0.0,0.0,0.0,0.0,0.0,0.0,0.0,-1,-0.6916766626930236,-8.12421885803262,0,1.0,0.0
5,4,0.0,-1.0,0.0,0.0,0.0,0.0,0.0,0.0,-0.9648341102695465,-8.12421885803262,0,1.0,4.0
6,1,0.0,0.0,1,0.0,0.0,0.0,0.0,0.0,0.3442622870206833,0.3465515558592571,0,1.0,0.0
6,1,0.0,1.0,0.0,0.0,0.0,0.0,0.0,0.0,0.6532663404941559,0.3465515558592571,0,1.0,1.0
6,2,0.0,0.0,1,0.0,0.0,0.0,0.0,0.0,0.3442622870206833,1.8983399634642641,0,1.0,0.0
6,2,0.0,-1.0,0.0,0.0,0.0,0.0,0.0,0.0,-0.6532763404941558,1.8983399634642641,0,1.0,1.0
6,3,0.0,0.0,-1,0.0,0.0,0.0,0.0,0.0,-0.3442722870206833,-0.024879883348106653,0,1.0,0.0
6,3,0.0,0.0,0.0,0.0,0.0,0.0,1.0,0.0,0.5631938576698303,-0.024879883348106653,0,1.0,4.0
6,4,0.0,0.0,-1,0.0,0.0,0.0,0.0,0.0,-0.3442722870206833,-1.959353891059222,0,1.0,0.0
6,4,0.0,0.0,0.0,0.0,0.0,0.0,-1.0,0.0,-0.5632038576698303,-1.959353891059222,0,1.0,4.0
7,1,0.0,0.0,0.0,0.0,0.0,0.0,1,0.0,0.46968403458595276,-0.014556551303868761,0,1.0,0.0
7,1,0.0,0.0,0.0,0.0,0.0,0.0,1,0.0,0.46050384640693665,-0.014556551303868761,0,1.0,1.0
7,2,0.0,0.0,0.0,0.0,0.0,0.0,1,0.0,0.46968403458595276,-5.6821192596221035,0,1.0,0.0
7,2,0.0,0.0,0.0,0.0,0.0,0.0,-1,0.0,-0.46051384640693666,-5.6821192596221035,0,1.0,1.0
7,3,0.0,0.0,0.0,0.0,0.0,0.0,-1,0.0,-0.46969403458595277,2.1266999663308797,0,1.0,0.0
7,3,0.0,0.0,0.0,0.0,0.0,0.0,1,0.0,0.5612724125385284,2.1266999663308797,0,1.0,4.0
7,4,0.0,0.0,0.0,0.0,0.0,0.0,-1,0.0,-0.46969403458595277,0.07004864085435102,0,1.0,0.0
7,4,0.0,0.0,0.0,0.0,0.0,0.0,-1,0.0,-0.5612824125385284,0.07004864085435102,0,1.0,4.0
8,1,0.0,1,0.0,0.0,0.0,0.0,0.0,0.0,0.5603015124797821,-0.2510617445623031,0,1.0,0.0
8,1,0.0,0.0,0.0,1.0,0.0,0.0,0.0,0.0,0.5151515007019043,-0.2510617445623031,0,1.0,1.0
8,2,0.0,1,0.0,0.0,0.0,0.0,0.0,0.0,0.5603015124797821,-1.5848317919155412,0,1.0,0.0
8,2,0.0,0.0,0.0,-1.0,0.0,0.0,0.0,0.0,-0.5151615007019043,-1.5848317919155412,0,1.0,1.0
8,3,0.0,-1,0.0,0.0,0.0,0.0,0.0,0.0,-0.5603115124797821,-0.43915825836991423,0,1.0,0.0
8,3,0.0,0.0,0.0,0.0,0.0,0.0,0.0,1.0,0.05833333544433117,-0.43915825836991423,0,1.0,4.0
8,4,0.0,-1,0.0,0.0,0.0,0.0,0.0,0.0,-0.5603115124797821,0.3217136853733654,0,1.0,0.0
8,4,0.0,0.0,0.0,0.0,0.0,0.0,0.0,-1.0,-0.05834333544433117,0.3217136853733654,0,1.0,4.0
9,1,0.0,0.0,0.0,0.0,0.0,0.0,1,0.0,0.05999146029353142,0.3558620194669358,0,1.0,0.0
9,1,0.0,0.0,1.0,0.0,0.0,0.0,0.0,0.0,0.5491803288459778,0.3558620194669358,0,1.0,1.0
9,2,0.0,0.0,0.0,0.0,0.0,0.0,1,0.0,0.05999146029353142,-0.7310211060651521,0,1.0,0.0
9,2,0.0,0.0,-1.0,0.0,0.0,0.0,0.0,0.0,-0.5491903288459777,-0.7310211060651521,0,1.0,1.0
9,3,0.0,0.0,0.0,0.0,0.0,0.0,-1,0.0,-0.06000146029353142,2.7686678684622548,0,1.0,0.0
9,3,0.0,0.0,0.0,0.0,0.0,0.0,1,0.0,0.06084543094038963,2.7686678684622548,0,1.0,4.0
9,4,0.0,0.0,0.0,0.0,0.0,0.0,-1,0.0,-0.06000146029353142,0.06566487119123207,0,1.0,0.0
9,4,0.0,0.0,0.0,0.0,0.0,0.0,-1,0.0,-0.060855430940389636,0.06566487119123207,0,1.0,4.0
10,1,0.0,0.0,0.0,0.0,0.0,1,0.0,0.0,0.6758569180965424,0.1163648062544128,0,1.0,0.0
10,1,0.0,0.0,0.0,0.0,1.0,0.0,0.0,0.0,0.05732860416173935,0.1163648062544128,0,1.0,1.0
10,2,0.0,0.0,0.0,0.0,0.0,1,0.0,0.0,0.6758569180965424,-0.23292332816657838,0,1.0,0.0
10,2,0.0,0.0,0.0,0.0,-1.0,0.0,0.0,0.0,-0.05733860416173935,-0.23292332816657838,0,1.0,1.0
10,3,0.0,0.0,0.0,0.0,0.0,-1,0.0,0.0,-0.6758669180965423,2.6296615097284515,0,1.0,0.0
10,3,0.0,0.0,0.0,0.0,0.0,1,0.0,0.0,0.6847988069057465,2.6296615097284515,0,1.0,4.0
10,4,0.0,0.0,0.0,0.0,0.0,-1,0.0,0.0,-0.6758669180965423,0.15838052944615705,0,1.0,0.0
10,4,0.0,0.0,0.0,0.0,0.0,-1,0.0,0.0,-0.6848088069057464,0.15838052944615705,0,1.0,4.0
11,1,1,0.0,0.0,0.0,0.0,0.0,0.0,0.0,0.794117659330368,-0.4523403115504558,0,1.0,0.0
11,1,0.0,0.0,0.0,0.0,0.0,1.0,0.0,0.0,0.40760059654712677,-0.4523403115504558,0,1.0,1.0
11,2,1,0.0,0.0,0.0,0.0,0.0,0.0,0.0,0.794117659330368,0.08141690532573581,0,1.0,0.0
11,2,0.0,0.0,0.0,0.0,0.0,-1.0,0.0,0.0,-0.4076105965471268,0.08141690532573581,0,1.0,1.0
11,3,-1,0.0,0.0,0.0,0.0,0.0,0.0,0.0,-0.794127659330368,2.4063860527744385,0,1.0,0.0
11,3,0.0,1.0,0.0,0.0,0.0,0.0,0.0,0.0,0.7512562870979309,2.4063860527744385,0,1.0,4.0
11,4,-1,0.0,0.0,0.0,0.0,0.0,0.0,0.0,-0.794127659330368,1.0503582077441744,0,1.0,0.0
11,4,0.0,-1.0,0.0,0.0,0.0,0.0,0.0,0.0,-0.7512662870979309,1.0503582077441744,0,1.0,4.0
12,1,0.0,1,0.0,0.0,0.0,0.0,0.0,0.0,0.7763819098472595,-0.04624974675620024,0,1.0,0.0
12,1,0.0,1,0.0,0.0,0.0,0.0,0.0,0.0,0.766331672668457,-0.04624974675620024,0,1.0,1.0
12,2,0.0,1,0.0,0.0,0.0,0.0,0.0,0.0,0.7763819098472595,-1.8734145912203015,0,1.0,0.0
12,2,0.0,-1,0.0,0.0,0.0,0.0,0.0,0.0,-0.766341672668457,-1.8734145912203015,0,1.0,1.0
12,3,0.0,-1,0.0,0.0,0.0,0.0,0.0,0.0,-0.7763919098472595,1.386225348537959,0,1.0,0.0
12,3,0.0,0.0,0.0,0.0,0.0,1.0,0.0,0.0,0.38077495992183685,1.386225348537959,0,1.0,4.0
12,4,0.0,-1,0.0,0.0,0.0,0.0,0.0,0.0,-0.7763919098472595,0.2763646608128174,0,1.0,0.0
12,4,0.0,0.0,0.0,0.0,0.0,-1.0,0.0,0.0,-0.38078495992183686,0.2763646608128174,0,1.0,4.0
13,1,0.0,0.0,0.0,0.0,0.0,0.0,0.0,1,0.5916666686534882,0.08844229259210296,0,1.0,0.0
13,1,0.0,0.0,0.0,0.0,1.0,0.0,0.0,0.0,0.3161938488483429,0.08844229259210296,0,1.0,1.0
13,2,0.0,0.0,0.0,0.0,0.0,0.0,0.0,1,0.5916666686534882,-0.554311685160281,0,1.0,0.0
13,2,0.0,0.0,0.0,0.0,-1.0,0.0,0.0,0.0,-0.3162038488483429,-0.554311685160281,0,1.0,1.0
13,3,0.0,0.0,0.0,0.0,0.0,0.0,0.0,-1,-0.5916766686534881,0.5289292878041838,0,1.0,0.0
13,3,1.0,0.0,0.0,0.0,0.0,0.0,0.0,0.0,0.2647058889269829,0.5289292878041838,0,1.0,4.0
13,4,0.0,0.0,0.0,0.0,0.0,0.0,0.0,-1,-0.5916766686534881,-1.1991555182610565,0,1.0,0.0
13,4,-1.0,0.0,0.0,0.0,0.0,0.0,0.0,0.0,-0.2647158889269829,-1.1991555182610565,0,1.0,4.0
14,1,0.0,0.0,0.0,0.0,1,0.0,0.0,0.0,0.10342789441347122,-0.02301355502610088,0,1.0,0.0
14,1,0.0,0.0,0.0,1.0,0.0,0.0,0.0,0.0,0.3787878751754761,-0.02301355502610088,0,1.0,1.0
14,2,0.0,0.0,0.0,0.0,1,0.0,0.0,0.0,0.10342789441347122,-0.8493892934861167,0,1.0,0.0
14,2,0.0,0.0,0.0,-1.0,0.0,0.0,0.0,0.0,-0.3787978751754761,-0.8493892934861167,0,1.0,1.0
14,3,0.0,0.0,0.0,0.0,-1,0.0,0.0,0.0,-0.10343789441347122,12.988038579505963,0,1.0,0.0
14,3,0.0,1.0,0.0,0.0,0.0,0.0,0.0,0.0,0.4020100384950638,12.988038579505963,0,1.0,4.0
14,4,0.0,0.0,0.0,0.0,-1,0.0,0.0,0.0,-0.10343789441347122,0.1691595605750486,0,1.0,0.0
14,4,0.0,-1.0,0.0,0.0,0.0,0.0,0.0,0.0,-0.4020200384950638,0.1691595605750486,0,1.0,4.0
15,1,0.0,1,0.0,0.0,0.0,0.0,0.0,0.0,0.11055276542901993,-1.0913453542720621,0,1.0,0.0
15,1,1.0,0.0,0.0,0.0,0.0,0.0,0.0,0.0,0.17647059448063374,-1.0913453542720621,0,1.0,1.0
15,2,0.0,1,0.0,0.0,0.0,0.0,0.0,0.0,0.11055276542901993,3.5550666959858153,0,1.0,0.0
15,2,-1.0,0.0,0.0,0.0,0.0,0.0,0.0,0.0,-0.17648059448063375,3.5550666959858153,0,1.0,1.0
15,3,0.0,-1,0.0,0.0,0.0,0.0,0.0,0.0,-0.11056276542901992,-0.12229710347483955,0,1.0,0.0
15,3,0.0,0.0,0.0,1.0,0.0,0.0,0.0,0.0,0.3181818127632141,-0.12229710347483955,0,1.0,4.0
15,4,0.0,-1,0.0,0.0,0.0,0.0,0.0,0.0,-0.11056276542901992,0.19255015732243916,0,1.0,0.0
15,4,0.0,0.0,0.0,-1.0,0.0,0.0,0.0,0.0,-0.3181918127632141,0.19255015732243916,0,1.0,4.0
16,1,0.0,0.0,0.0,0.0,0.0,1,0.0,0.0,0.5029806196689606,-0.5280984186621003,0,1.0,0.0
16,1,0.0,1.0,0.0,0.0,0.0,0.0,0.0,0.0,0.5100502371788025,-0.5280984186621003,0,1.0,1.0
16,2,0.0,0.0,0.0,0.0,0.0,1,0.0,0.0,0.5029806196689606,0.27539998177214,0,1.0,0.0
16,2,0.0,-1.0,0.0,0.0,0.0,0.0,0.0,0.0,-0.5100602371788024,0.27539998177214,0,1.0,1.0
16,3,0.0,0.0,0.0,0.0,0.0,-1,0.0,0.0,-0.5029906196689605,-0.5492148342868568,0,1.0,0.0
16,3,0.0,0.0,0.0,0.0,0.0,0.0,1.0,0.0,0.10781383141875267,-0.5492148342868568,0,1.0,4.0
16,4,0.0,0.0,0.0,0.0,0.0,-1,0.0,0.0,-0.5029906196689605,0.10729612198187546,0,1.0,0.0
16,4,0.0,0.0,0.0,0.0,0.0,0.0,-1.0,0.0,-0.10782383141875267,0.10729612198187546,0,1.0,4.0
17,1,0.0,0.0,0.0,0.0,0.0,0.0,1,0.0,0.08561058714985847,0.131853723142074,0,1.0,0.0
17,1,0.0,0.0,0.0,0.0,0.0,0.0,1,0.0,0.08262168988585472,0.131853723142074,0,1.0,1.0
17,2,0.0,0.0,0.0,0.0,0.0,0.0,1,0.0,0.08561058714985847,3.5352754243856905,0,1.0,0.0
17,2,0.0,0.0,0.0,0.0,0.0,0.0,-1,0.0,-0.08263168988585472,3.5352754243856905,0,1.0,1.0
17,3,0.0,0.0,0.0,0.0,0.0,0.0,-1,0.0,-0.08562058714985847,-0.1874912819053999,0,1.0,0.0
17,3,1.0,0.0,0.0,0.0,0.0,0.0,0.0,0.0,0.6764706075191498,-0.1874912819053999,0,1.0,4.0
17,4,0.0,0.0,0.0,0.0,0.0,0.0,-1,0.0,-0.08562058714985847,1.4635503543904311,0,1.0,0.0
17,4,-1.0,0.0,0.0,0.0,0.0,0.0,0.0,0.0,-0.6764806075191497,1.4635503543904311,0,1.0,4.0
18,1,0.0,0.0,0.0,0.0,0.0,0.0,1,0.0,0.009607173502445221,0.5579204787648049,0,1.0,0.0
18,1,0.0,0.0,0.0,1.0,0.0,0.0,0.0,0.0,0.18686868250370026,0.5579204787648049,0,1.0,1.0
18,2,0.0,0.0,0.0,0.0,0.0,0.0,1,0.0,0.009607173502445221,-1.4619475112573141,0,1.0,0.0
18,2,0.0,0.0,0.0,-1.0,0.0,0.0,0.0,0.0,-0.18687868250370027,-1.4619475112573141,0,1.0,1.0
18,3,0.0,0.0,0.0,0.0,0.0,0.0,-1,0.0,-0.00961717350244522,0.9846357521891045,0,1.0,0.0
18,3,0.0,0.0,0.0,0.0,0.0,0.0,1,0.0,0.02198975160717964,0.9846357521891045,0,1.0,4.0
18,4,0.0,0.0,0.0,0.0,0.0,0.0,-1,0.0,-0.00961717350244522,-0.00626668160469251,0,1.0,0.0
18,4,0.0,0.0,0.0,0.0,0.0,0.0,-1,0.0,-0.02199975160717964,-0.00626668160469251,0,1.0,4.0
19,1,0.0,0.0,0.0,0.0,0.0,0.0,1,0.0,0.02070879563689232,-1.255794258818649,0,1.0,0.0
19,1,0.0,0.0,0.0,0.0,0.0,0.0,0.0,1.0,0.4833333343267441,-1.255794258818649,0,1.0,1.0
19,2,0.0,0.0,0.0,0.0,0.0,0.0,1,0.0,0.02070879563689232,2.000761576993273,0,1.0,0.0
19,2,0.0,0.0,0.0,0.0,0.0,0.0,0.0,-1.0,-0.4833433343267441,2.000761576993273,0,1.0,1.0
19,3,0.0,0.0,0.0,0.0,0.0,0.0,-1,0.0,-0.02071879563689232,2.186791894110682,0,1.0,0.0
19,3,0.0,0.0,0.0,0.0,0.0,0.0,1,0.0,0.021135780960321426,2.186791894110682,0,1.0,4.0
19,4,0.0,0.0,0.0,0.0,0.0,0.0,-1,0.0,-0.02071879563689232,0.005358440791105622,0,1.0,0.0
19,4,0.0,0.0,0.0,0.0,0.0,0.0,-1,0.0,-0.021145780960321426,0.005358440791105622,0,1.0,4.0
20,1,0.0,0.0,0.0,0.0,0.0,0.0,1,0.0,0.32877881824970245,-0.09390558530607009,0,1.0,0.0
20,1,0.0,0.0,1.0,0.0,0.0,0.0,0.0,0.0,0.7827869057655334,-0.09390558530607009,0,1.0,1.0
20,2,0.0,0.0,0.0,0.0,0.0,0.0,1,0.0,0.32877881824970245,1.0825218257334985,0,1.0,0.0
20,2,0.0,0.0,-1.0,0.0,0.0,0.0,0.0,0.0,-0.7827969057655334,1.0825218257334985,0,1.0,1.0
20,3,0.0,0.0,0.0,0.0,0.0,0.0,-1,0.0,-0.32878881824970246,2.3067006288087017,0,1.0,0.0
20,3,0.0,0.0,0.0,0.0,0.0,0.0,1,0.0,0.3392399549484253,2.3067006288087017,0,1.0,4.0
20,4,0.0,0.0,0.0,0.0,0.0,0.0,-1,0.0,-0.32878881824970246,0.1996526832306849,0,1.0,0.0
20,4,0.0,0.0,0.0,0.0,0.0,0.0,-1,0.0,-0.3392499549484253,0.1996526832306849,0,1.0,4.0
21,1,0.0,0.0,1,0.0,0.0,0.0,0.0,0.0,0.6803278625011444,-0.6921588944593343,0,1.0,0.0
21,1,0.0,0.0,0.0,0.0,0.0,1.0,0.0,0.0,0.37928465008735657,-0.6921588944593343,0,1.0,1.0
21,2,0.0,0.0,1,0.0,0.0,0.0,0.0,0.0,0.6803278625011444,0.17420606881101788,0,1.0,0.0
21,2,0.0,0.0,0.0,0.0,0.0,-1.0,0.0,0.0,-0.3792946500873566,0.17420606881101788,0,1.0,1.0
21,3,0.0,0.0,-1,0.0,0.0,0.0,0.0,0.0,-0.6803378625011444,-0.6381939365639883,0,1.0,0.0
21,3,0.0,1.0,0.0,0.0,0.0,0.0,0.0,0.0,0.7110552787780762,-0.6381939365639883,0,1.0,4.0
21,4,0.0,0.0,-1,0.0,0.0,0.0,0.0,0.0,-0.6803378625011444,0.19558961192988594,0,1.0,0.0
21,4,0.0,-1.0,0.0,0.0,0.0,0.0,0.0,0.0,-0.7110652787780761,0.19558961192988594,0,1.0,4.0
22,1,0.0,0.0,0.0,0.0,0.0,1,0.0,0.0,0.13561847805976868,-1.0379230493507914,0,1.0,0.0
22,1,1.0,0.0,0.0,0.0,0.0,0.0,0.0,0.0,0.44117647409439087,-1.0379230493507914,0,1.0,1.0
22,2,0.0,0.0,0.0,0.0,0.0,1,0.0,0.0,0.13561847805976868,4.425968255165965,0,1.0,0.0
22,2,-1.0,0.0,0.0,0.0,0.0,0.0,0.0,0.0,-0.4411864740943909,4.425968255165965,0,1.0,1.0
22,3,0.0,0.0,0.0,0.0,0.0,-1,0.0,0.0,-0.1356284780597687,-0.04868870554737874,0,1.0,0.0
22,3,0.0,0.0,0.0,0.0,0.0,1,0.0,0.0,0.716840535402298,-0.04868870554737874,0,1.0,4.0
22,4,0.0,0.0,0.0,0.0,0.0,-1,0.0,0.0,-0.1356284780597687,0.9923783514663111,0,1.0,0.0
22,4,0.0,0.0,0.0,0.0,0.0,-1,0.0,0.0,-0.7168505354022979,0.9923783514663111,0,1.0,4.0
23,1,0.0,1,0.0,0.0,0.0,0.0,0.0,0.0,0.6005025207996368,-0.9633926539003873,0,1.0,0.0
23,1,0.0,0.0,1.0,0.0,0.0,0.0,0.0,0.0,0.48360656201839447,-0.9633926539003873,0,1.0,1.0
23,2,0.0,1,0.0,0.0,0.0,0.0,0.0,0.0,0.6005025207996368,0.34286416203923015,0,1.0,0.0
23,2,0.0,0.0,-1.0,0.0,0.0,0.0,0.0,0.0,-0.4836165620183945,0.34286416203923015,0,1.0,1.0
23,3,0.0,-1,0.0,0.0,0.0,0.0,0.0,0.0,-0.6005125207996368,-0.5799067527196028,0,1.0,0.0
23,3,0.0,1,0.0,0.0,0.0,0.0,0.0,0.0,0.6206030249595642,-0.5799067527196028,0,1.0,4.0
23,4,0.0,-1,0.0,0.0,0.0,0.0,0.0,0.0,-0.6005125207996368,-0.035842678595407886,0,1.0,0.0
23,4,0.0,-1,0.0,0.0,0.0,0.0,0.0,0.0,-0.6206130249595642,-0.035842678595407886,0,1.0,4.0
24,1,0.0,0.0,1,0.0,0.0,0.0,0.0,0.0,0.5491803288459778,0.2732300432136601,0,1.0,0.0
24,1,0.0,0.0,0.0,0.0,0.0,0.0,0.0,1.0,0.6500000059604645,0.2732300432136601,0,1.0,1.0
24,2,0.0,0.0,1,0.0,0.0,0.0,0.0,0.0,0.5491803288459778,-1.6399410581180995,0,1.0,0.0
24,2,0.0,0.0,0.0,0.0,0.0,0.0,0.0,-1.0,-0.6500100059604644,-1.6399410581180995,0,1.0,1.0
24,3,0.0,0.0,-1,0.0,0.0,0.0,0.0,0.0,-0.5491903288459777,0.08718884206501198,0,1.0,0.0
24,3,0.0,0.0,0.0,0.0,0.0,1.0,0.0,0.0,0.482116237282753,0.08718884206501198,0,1.0,4.0
24,4,0.0,0.0,-1,0.0,0.0,0.0,0.0,0.0,-0.5491903288459777,-0.2454512083407731,0,1.0,0.0
24,4,0.0,0.0,0.0,0.0,0.0,-1.0,0.0,0.0,-0.482126237282753,-0.2454512083407731,0,1.0,4.0
25,1,0.0,0.0,0.0,1,0.0,0.0,0.0,0.0,0.43939393758773804,-0.025297720317500272,0,1.0,0.0
25,1,0.0,0.0,0.0,1,0.0,0.0,0.0,0.0,0.4292929321527481,-0.025297720317500272,0,1.0,1.0
25,2,0.0,0.0,0.0,1,0.0,0.0,0.0,0.0,0.43939393758773804,-1.62015861491852,0,1.0,0.0
25,2,0.0,0.0,0.0,-1,0.0,0.0,0.0,0.0,-0.4293029321527481,-1.62015861491852,0,1.0,1.0
25,3,0.0,0.0,0.0,-1,0.0,0.0,0.0,0.0,-0.43940393758773805,0.11224605877689611,0,1.0,0.0
25,3,0.0,1.0,0.0,0.0,0.0,0.0,0.0,0.0,0.7512562572956085,0.11224605877689611,0,1.0,4.0
25,4,0.0,0.0,0.0,-1,0.0,0.0,0.0,0.0,-0.43940393758773805,1.4141071164408683,0,1.0,0.0
25,4,0.0,-1.0,0.0,0.0,0.0,0.0,0.0,0.0,-0.7512662572956085,1.4141071164408683,0,1.0,4.0
26,1,0.0,1,0.0,0.0,0.0,0.0,0.0,0.0,0.9974874258041382,-0.15281836310522864,0,1.0,0.0
26,1,0.0,0.0,0.0,0.0,0.0,0.0,0.0,1.0,0.15833333879709244,-0.15281836310522864,0,1.0,1.0
26,2,0.0,1,0.0,0.0,0.0,0.0,0.0,0.0,0.9974874258041382,0.11991524048241341,0,1.0,0.0
26,2,0.0,0.0,0.0,0.0,0.0,0.0,0.0,-1.0,-0.15834333879709245,0.11991524048241341,0,1.0,1.0
26,3,0.0,-1,0.0,0.0,0.0,0.0,0.0,0.0,-0.9974974258041381,1.642579082602737,0,1.0,0.0
27,1,1,0.0,0.0,0.0,0.0,0.0,0.0,0.0,0.5588235557079315,0.13684052723738804,0,1.0,0.0
27,1,0.0,0.0,0.0,0.0,0.0,0.0,1.0,0.0,0.20388557016849518,0.13684052723738804,0,1.0,1.0
27,2,1,0.0,0.0,0.0,0.0,0.0,0.0,0.0,0.5588235557079315,-0.17110885468936202,0,1.0,0.0
27,2,0.0,0.0,0.0,0.0,0.0,0.0,-1.0,0.0,-0.2038955701684952,-0.17110885468936202,0,1.0,1.0
27,3,-1,0.0,0.0,0.0,0.0,0.0,0.0,0.0,-0.5588335557079315,-0.9401892729702837,0,1.0,0.0
27,3,0.0,0.0,0.0,0.0,1.0,0.0,0.0,0.0,0.12706856057047844,-0.9401892729702837,0,1.0,4.0
27,4,-1,0.0,0.0,0.0,0.0,0.0,0.0,0.0,-0.5588335557079315,1.1217100983868824,0,1.0,0.0
27,4,0.0,0.0,0.0,0.0,-1.0,0.0,0.0,0.0,-0.12707856057047845,1.1217100983868824,0,1.0,4.0
28,1,0.0,0.0,0.0,0.0,0.0,0.0,1,0.0,0.10781383141875267,0.020115677101246027,0,1.0,0.0
28,1,0.0,1.0,0.0,0.0,0.0,0.0,0.0,0.0,0.6859296560287476,0.020115677101246027,0,1.0,1.0
28,2,0.0,0.0,0.0,0.0,0.0,0.0,1,0.0,0.10781383141875267,-0.5818275983040957,0,1.0,0.0
28,2,0.0,-1.0,0.0,0.0,0.0,0.0,0.0,0.0,-0.6859396560287475,-0.5818275983040957,0,1.0,1.0
28,3,0.0,0.0,0.0,0.0,0.0,0.0,-1,0.0,-0.10782383141875267,0.7681171981597036,0,1.0,0.0
28,3,0.0,0.0,0.0,0.0,0.0,0.0,1,0.0,0.1257472261786461,0.7681171981597036,0,1.0,4.0
28,4,0.0,0.0,0.0,0.0,0.0,0.0,-1,0.0,-0.10782383141875267,0.05756334436859271,0,1.0,0.0
28,4,0.0,0.0,0.0,0.0,0.0,0.0,-1,0.0,-0.1257572261786461,0.05756334436859271,0,1.0,4.0
29,1,0.0,0.0,0.0,0.0,1,0.0,0.0,0.0,0.05732860416173935,0.18058943081514114,0,1.0,0.0
29,1,0.0,0.0,1.0,0.0,0.0,0.0,0.0,0.0,0.7459016442298889,0.18058943081514114,0,1.0,1.0
29,2,0.0,0.0,0.0,0.0,1,0.0,0.0,0.0,0.05732860416173935,-0.6302018907266732,0,1.0,0.0
29,2,0.0,0.0,-1.0,0.0,0.0,0.0,0.0,0.0,-0.7459116442298889,-0.6302018907266732,0,1.0,1.0
29,3,0.0,0.0,0.0,0.0,-1,0.0,0.0,0.0,-0.05733860416173935,-1.5891692909806523,0,1.0,0.0
29,3,0.0,0.0,0.0,1.0,0.0,0.0,0.0,0.0,0.1666666641831398,-1.5891692909806523,0,1.0,4.0
29,4,0.0,0.0,0.0,0.0,-1,0.0,0.0,0.0,-0.05733860416173935,-0.04002453061920303,0,1.0,0.0
29,4,0.0,0.0,0.0,-1.0,0.0,0.0,0.0,0.0,-0.1666766641831398,-0.04002453061920303,0,1.0,4.0
30,1,0.0,0.0,0.0,0.0,1,0.0,0.0,0.0,0.1495271846652031,-0.02512204764914293,0,1.0,0.0
30,1,0.0,0.0,0.0,0.0,1,0.0,0.0,0.0,0.11761229485273361,-0.02512204764914293,0,1.0,1.0
30,2,0.0,0.0,0.0,0.0,1,0.0,0.0,0.0,0.1495271846652031,-0.7214306157325083,0,1.0,0.0
30,2,0.0,0.0,0.0,0.0,-1,0.0,0.0,0.0,-0.11762229485273361,-0.7214306157325083,0,1.0,1.0
30,3,0.0,0.0,0.0,0.0,-1,0.0,0.0,0.0,-0.1495371846652031,2.356644877725587,0,1.0,0.0
30,3,0.0,1.0,0.0,0.0,0.0,0.0,0.0,0.0,0.48241205513477325,2.356644877725587,0,1.0,4.0
30,4,0.0,0.0,0.0,0.0,-1,0.0,0.0,0.0,-0.1495371846652031,0.17051309108225604,0,1.0,0.0
30,4,0.0,-1.0,0.0,0.0,0.0,0.0,0.0,0.0,-0.48242205513477326,0.17051309108225604,0,1.0,4.0
31,1,0.0,1,0.0,0.0,0.0,0.0,0.0,0.0,0.545226126909256,-0.5752891444985367,0,1.0,0.0
31,1,0.0,0.0,0.0,0.0,0.0,0.0,1.0,0.0,0.1635354459285736,-0.5752891444985367,0,1.0,1.0
31,2,0.0,1,0.0,0.0,0.0,0.0,0.0,0.0,0.545226126909256,0.19184894494482488,0,1.0,0.0
31,2,0.0,0.0,0.0,0.0,0.0,0.0,-1.0,0.0,-0.16354544592857362,0.19184894494482488,0,1.0,1.0
31,3,0.0,-1,0.0,0.0,0.0,0.0,0.0,0.0,-0.5452361269092559,0.32442475033927315,0,1.0,0.0
31,3,0.0,0.0,0.0,0.0,0.0,0.0,1.0,0.0,0.0813407339155674,0.32442475033927315,0,1.0,4.0
31,4,0.0,-1,0.0,0.0,0.0,0.0,0.0,0.0,-0.5452361269092559,-0.013904327840068764,0,1.0,0.0
31,4,0.0,0.0,0.0,0.0,0.0,0.0,-1.0,0.0,-0.0813507339155674,-0.013904327840068764,0,1.0,4.0
32,1,0.0,0.0,0.0,0.0,0.0,1,0.0,0.0,0.6244411170482635,-0.001279727622694897,0,1.0,0.0
32,1,0.0,0.0,0.0,0.0,0.0,1,0.0,0.0,0.5938897132873535,-0.001279727622694897,0,1.0,1.0
32,2,0.0,0.0,0.0,0.0,0.0,1,0.0,0.0,0.6244411170482635,-1.0827930675647575,0,1.0,0.0
32,2,0.0,0.0,0.0,0.0,0.0,-1,0.0,0.0,-0.5938997132873535,-1.0827930675647575,0,1.0,1.0
32,3,0.0,0.0,0.0,0.0,0.0,-1,0.0,0.0,-0.6244511170482635,0.08721255104133961,0,1.0,0.0
32,3,1.0,0.0,0.0,0.0,0.0,0.0,0.0,0.0,0.44117647409439087,0.08721255104133961,0,1.0,4.0
32,4,0.0,0.0,0.0,0.0,0.0,-1,0.0,0.0,-0.6244511170482635,1.7944674800550484,0,1.0,0.0
32,4,-1.0,0.0,0.0,0.0,0.0,0.0,0.0,0.0,-0.4411864740943909,1.7944674800550484,0,1.0,4.0
33,1,0.0,0.0,0.0,0.0,0.0,1,0.0,0.0,0.4150521606206894,-0.007081839208889925,0,1.0,0.0
33,1,0.0,0.0,1.0,0.0,0.0,0.0,0.0,0.0,0.6106557250022888,-0.007081839208889925,0,1.0,1.0
33,2,0.0,0.0,0.0,0.0,0.0,1,0.0,0.0,0.4150521606206894,-0.9621661652025065,0,1.0,0.0
33,2,0.0,0.0,-1.0,0.0,0.0,0.0,0.0,0.0,-0.6106657250022888,-0.9621661652025065,0,1.0,1.0
33,3,0.0,0.0,0.0,0.0,0.0,-1,0.0,0.0,-0.4150621606206894,1.4485228600246527,0,1.0,0.0
33,3,0.0,0.0,0.0,0.0,0.0,1,0.0,0.0,0.4239940345287323,1.4485228600246527,0,1.0,4.0
33,4,0.0,0.0,0.0,0.0,0.0,-1,0.0,0.0,-0.4150621606206894,0.015859645075025228,0,1.0,0.0
33,4,0.0,0.0,0.0,0.0,0.0,-1,0.0,0.0,-0.4240040345287323,0.015859645075025228,0,1.0,4.0
34,1,0.0,1,0.0,0.0,0.0,0.0,0.0,0.0,0.8015075325965881,0.0012893193514175046,0,1.0,0.0
34,1,0.0,0.0,0.0,0.0,1.0,0.0,0.0,0.0,0.23049645125865936,0.0012893193514175046,0,1.0,1.0
34,2,0.0,1,0.0,0.0,0.0,0.0,0.0,0.0,0.8015075325965881,-0.5463401627872412,0,1.0,0.0
34,2,0.0,0.0,0.0,0.0,-1.0,0.0,0.0,0.0,-0.23050645125865937,-0.5463401627872412,0,1.0,1.0
34,3,0.0,-1,0.0,0.0,0.0,0.0,0.0,0.0,-0.8015175325965881,1.7934798618079058,0,1.0,0.0
34,3,0.0,0.0,0.0,0.0,0.0,0.0,1.0,0.0,0.023057215847074986,1.7934798618079058,0,1.0,4.0
34,4,0.0,-1,0.0,0.0,0.0,0.0,0.0,0.0,-0.8015175325965881,0.25950809384099754,0,1.0,0.0
34,4,0.0,0.0,0.0,0.0,0.0,0.0,-1.0,0.0,-0.023067215847074985,0.25950809384099754,0,1.0,4.0
35,1,0.0,0.0,0.0,0.0,0.0,0.0,1,0.0,0.18082835525274277,-0.14861196870001775,0,1.0,0.0
35,1,0.0,0.0,0.0,0.0,1.0,0.0,0.0,0.0,0.271276593208313,-0.14861196870001775,0,1.0,1.0
35,2,0.0,0.0,0.0,0.0,0.0,0.0,1,0.0,0.18082835525274277,0.7116388547752914,0,1.0,0.0
35,2,0.0,0.0,0.0,0.0,-1.0,0.0,0.0,0.0,-0.271286593208313,0.7116388547752914,0,1.0,1.0
35,3,0.0,0.0,0.0,0.0,0.0,0.0,-1,0.0,-0.18083835525274278,1.0047248611864374,0,1.0,0.0
35,3,0.0,0.0,0.0,0.0,0.0,0.0,1,0.0,0.19897522777318954,1.0047248611864374,0,1.0,4.0
35,4,0.0,0.0,0.0,0.0,0.0,0.0,-1,0.0,-0.18083835525274278,0.006288518119309666,0,1.0,0.0
35,4,0.0,0.0,0.0,0.0,0.0,0.0,-1,0.0,-0.19898522777318955,0.006288518119309666,0,1.0,4.0
36,1,1,0.0,0.0,0.0,0.0,0.0,0.0,0.0,0.38235294818878174,-0.0612878594065893,0,1.0,0.0
36,1,0.0,0.0,0.0,0.0,1.0,0.0,0.0,0.0,0.6430259943008423,-0.0612878594065893,0,1.0,1.0
36,2,1,0.0,0.0,0.0,0.0,0.0,0.0,0.0,0.38235294818878174,-0.9909998455876019,0,1.0,0.0
36,2,0.0,0.0,0.0,0.0,-1.0,0.0,0.0,0.0,-0.6430359943008422,-0.9909998455876019,0,1.0,1.0
36,3,-1,0.0,0.0,0.0,0.0,0.0,0.0,0.0,-0.38236294818878175,2.235753732403868,0,1.0,0.0
36,3,0.0,0.0,0.0,0.0,0.0,0.0,0.0,1.0,0.19166667014360428,2.235753732403868,0,1.0,4.0
36,4,-1,0.0,0.0,0.0,0.0,0.0,0.0,0.0,-0.38236294818878175,-0.013096129731096667,0,1.0,0.0
36,4,0.0,0.0,0.0,0.0,0.0,0.0,0.0,-1.0,-0.1916766701436043,-0.013096129731096667,0,1.0,4.0
37,1,0.0,0.0,1,0.0,0.0,0.0,0.0,0.0,0.6475409865379333,-0.037134038885355,0,1.0,0.0
37,1,0.0,0.0,0.0,0.0,0.0,1.0,0.0,0.0,0.6609538197517395,-0.037134038885355,0,1.0,1.0
37,2,0.0,0.0,1,0.0,0.0,0.0,0.0,0.0,0.6475409865379333,-1.0670274680113438,0,1.0,0.0
37,2,0.0,0.0,0.0,0.0,0.0,-1.0,0.0,0.0,-0.6609638197517395,-1.0670274680113438,0,1.0,1.0
37,3,0.0,0.0,-1,0.0,0.0,0.0,0.0,0.0,-0.6475509865379333,-0.16051316756687925,0,1.0,0.0
37,3,0.0,0.0,0.0,0.0,0.0,1.0,0.0,0.0,0.5007451623678207,-0.16051316756687925,0,1.0,4.0
37,4,0.0,0.0,-1,0.0,0.0,0.0,0.0,0.0,-0.6475509865379333,0.49085147400414153,0,1.0,0.0
37,4,0.0,0.0,0.0,0.0,0.0,-1.0,0.0,0.0,-0.5007551623678207,0.49085147400414153,0,1.0,4.0
38,1,0.0,0.0,0.0,0.0,0.0,0.0,0.0,1,0.3583333343267441,-0.011285052738890869,0,1.0,0.0
38,1,0.0,0.0,0.0,0.0,1.0,0.0,0.0,0.0,0.2677304893732071,-0.011285052738890869,0,1.0,1.0
38,2,0.0,0.0,0.0,0.0,0.0,0.0,0.0,1,0.3583333343267441,-0.5536540484606512,0,1.0,0.0
38,2,0.0,0.0,0.0,0.0,-1.0,0.0,0.0,0.0,-0.2677404893732071,-0.5536540484606512,0,1.0,1.0
38,3,0.0,0.0,0.0,0.0,0.0,0.0,0.0,-1,-0.3583433343267441,-1.6645672079134857,0,1.0,0.0
38,3,0.0,0.0,1.0,0.0,0.0,0.0,0.0,0.0,0.48360656201839447,-1.6645672079134857,0,1.0,4.0
38,4,0.0,0.0,0.0,0.0,0.0,0.0,0.0,-1,-0.3583433343267441,0.2748816897340919,0,1.0,0.0
38,4,0.0,0.0,-1.0,0.0,0.0,0.0,0.0,0.0,-0.4836165620183945,0.2748816897340919,0,1.0,4.0
39,1,0.0,0.0,0.0,0.0,1,0.0,0.0,0.0,0.10342789441347122,0.22866638397667807,0,1.0,0.0
39,1,0.0,0.0,0.0,0.0,0.0,0.0,0.0,1.0,0.07500000298023224,0.22866638397667807,0,1.0,1.0
39,2,0.0,0.0,0.0,0.0,1,0.0,0.0,0.0,0.10342789441347122,-0.19291812317668985,0,1.0,0.0
39,2,0.0,0.0,0.0,0.0,0.0,0.0,0.0,-1.0,-0.07501000298023223,-0.19291812317668985,0,1.0,1.0
39,3,0.0,0.0,0.0,0.0,-1,0.0,0.0,0.0,-0.10343789441347122,0.0368798770005577,0,1.0,0.0
39,3,0.0,0.0,0.0,0.0,0.0,0.0,1.0,0.0,0.33347564935684204,0.0368798770005577,0,1.0,4.0
39,4,0.0,0.0,0.0,0.0,-1,0.0,0.0,0.0,-0.10343789441347122,0.8671963749467871,0,1.0,0.0
39,4,0.0,0.0,0.0,0.0,0.0,0.0,-1.0,0.0,-0.33348564935684205,0.8671963749467871,0,1.0,4.0
40,1,0.0,0.0,0.0,0.0,0.0,0.0,0.0,1,0.025000001303851604,-0.6154798931033062,0,1.0,0.0
40,1,0.0,0.0,0.0,0.0,0.0,1.0,0.0,0.0,0.6378539502620697,-0.6154798931033062,0,1.0,1.0
40,2,0.0,0.0,0.0,0.0,0.0,0.0,0.0,1,0.025000001303851604,1.363059380585129,0,1.0,0.0
40,2,0.0,0.0,0.0,0.0,0.0,-1.0,0.0,0.0,-0.6378639502620697,1.363059380585129,0,1.0,1.0
40,3,0.0,0.0,0.0,0.0,0.0,0.0,0.0,-1,-0.025010001303851604,0.19528247721693132,0,1.0,0.0
40,3,0.0,0.0,0.0,0.0,0.0,1.0,0.0,0.0,0.49180327355861664,0.19528247721693132,0,1.0,4.0
40,4,0.0,0.0,0.0,0.0,0.0,0.0,0.0,-1,-0.025010001303851604,-0.07511084105136898,0,1.0,0.0
40,4,0.0,0.0,0.0,0.0,0.0,-1.0,0.0,0.0,-0.49181327355861665,-0.07511084105136898,0,1.0,4.0
41,1,1,0.0,0.0,0.0,0.0,0.0,0.0,0.0,0.029411764815449715,-1.0116226106636454,0,1.0,0.0
41,1,0.0,0.0,0.0,0.0,0.0,1.0,0.0,0.0,0.4679582715034485,-1.0116226106636454,0,1.0,1.0
41,2,1,0.0,0.0,0.0,0.0,0.0,0.0,0.0,0.029411764815449715,0.6734105313529355,0,1.0,0.0
41,2,0.0,0.0,0.0,0.0,0.0,-1.0,0.0,0.0,-0.4679682715034485,0.6734105313529355,0,1.0,1.0
41,3,-1,0.0,0.0,0.0,0.0,0.0,0.0,0.0,-0.029421764815449714,-0.05489020626992192,0,1.0,0.0
41,3,0.0,0.0,0.0,0.0,0.0,1.0,0.0,0.0,0.8368107080459595,-0.05489020626992192,0,1.0,4.0
41,4,-1,0.0,0.0,0.0,0.0,0.0,0.0,0.0,-0.029421764815449714,-1.91943757345525,0,1.0,0.0
41,4,0.0,0.0,0.0,0.0,0.0,-1.0,0.0,0.0,-0.8368207080459594,-1.91943757345525,0,1.0,4.0
42,1,0.0,0.0,0.0,1,0.0,0.0,0.0,0.0,0.5353535413742065,0.022006353530569282,0,1.0,0.0
42,1,0.0,0.0,0.0,0.0,0.0,0.0,1.0,0.0,0.5631938576698303,0.022006353530569282,0,1.0,1.0
42,2,0.0,0.0,0.0,1,0.0,0.0,0.0,0.0,0.5353535413742065,-1.1460889506010663,0,1.0,0.0
42,2,0.0,0.0,0.0,0.0,0.0,0.0,-1.0,0.0,-0.5632038576698303,-1.1460889506010663,0,1.0,1.0
42,3,0.0,0.0,0.0,-1,0.0,0.0,0.0,0.0,-0.5353635413742065,0.7462166452487694,0,1.0,0.0
42,3,0.0,0.0,1.0,0.0,0.0,0.0,0.0,0.0,0.6680327951908112,0.7462166452487694,0,1.0,4.0
42,4,0.0,0.0,0.0,-1,0.0,0.0,0.0,0.0,-0.5353635413742065,-2.2229682553937207,0,1.0,0.0
42,4,0.0,0.0,-1.0,0.0,0.0,0.0,0.0,0.0,-0.6680427951908111,-2.2229682553937207,0,1.0,4.0
43,1,0.0,0.0,0.0,0.0,1,0.0,0.0,0.0,0.5348699688911438,-0.041372527281697505,0,1.0,0.0
43,1,0.0,0.0,0.0,0.0,0.0,1.0,0.0,0.0,0.716840535402298,-0.041372527281697505,0,1.0,1.0
43,2,0.0,0.0,0.0,0.0,1,0.0,0.0,0.0,0.5348699688911438,1.142291326253133,0,1.0,0.0
43,2,0.0,0.0,0.0,0.0,0.0,-1.0,0.0,0.0,-0.7168505354022979,1.142291326253133,0,1.0,1.0
43,3,0.0,0.0,0.0,0.0,-1,0.0,0.0,0.0,-0.5348799688911438,0.4447247485979211,0,1.0,0.0
43,3,0.0,0.0,0.0,1.0,0.0,0.0,0.0,0.0,0.48989899456501007,0.4447247485979211,0,1.0,4.0
43,4,0.0,0.0,0.0,0.0,-1,0.0,0.0,0.0,-0.5348799688911438,2.1322652210382467,0,1.0,0.0
43,4,0.0,0.0,0.0,-1.0,0.0,0.0,0.0,0.0,-0.4899089945650101,2.1322652210382467,0,1.0,4.0
44,1,0.0,0.0,0.0,0.0,1,0.0,0.0,0.0,0.05732860416173935,0.09097917913648024,0,1.0,0.0
44,1,0.0,0.0,0.0,0.0,1,0.0,0.0,0.0,0.05555555410683155,0.09097917913648024,0,1.0,1.0
44,2,0.0,0.0,0.0,0.0,1,0.0,0.0,0.0,0.05732860416173935,3.229148222074912,0,1.0,0.0
44,2,0.0,0.0,0.0,0.0,-1,0.0,0.0,0.0,-0.055565554106831554,3.229148222074912,0,1.0,1.0
44,3,0.0,0.0,0.0,0.0,-1,0.0,0.0,0.0,-0.05733860416173935,0.004756716313244126,0,1.0,0.0
44,3,0.0,0.0,0.0,0.0,0.0,1.0,0.0,0.0,0.5536512732505798,0.004756716313244126,0,1.0,4.0
44,4,0.0,0.0,0.0,0.0,-1,0.0,0.0,0.0,-0.05733860416173935,-0.41921775519089227,0,1.0,0.0
44,4,0.0,0.0,0.0,0.0,0.0,-1.0,0.0,0.0,-0.5536612732505798,-0.41921775519089227,0,1.0,4.0
45,1,0.0,1,0.0,0.0,0.0,0.0,0.0,0.0,0.40954773128032684,-0.5681020759530578,0,1.0,0.0
45,1,0.0,0.0,0.0,0.0,0.0,1.0,0.0,0.0,0.6296572387218475,-0.5681020759530578,0,1.0,1.0
45,2,0.0,1,0.0,0.0,0.0,0.0,0.0,0.0,0.40954773128032684,-3.136925149459769,0,1.0,0.0
45,2,0.0,0.0,0.0,0.0,0.0,-1.0,0.0,0.0,-0.6296672387218475,-3.136925149459769,0,1.0,1.0
45,3,0.0,-1,0.0,0.0,0.0,0.0,0.0,0.0,-0.40955773128032685,-0.03984889235325385,0,1.0,0.0
45,3,0.0,0.0,0.0,1.0,0.0,0.0,0.0,0.0,0.3585858643054962,-0.03984889235325385,0,1.0,4.0
45,4,0.0,-1,0.0,0.0,0.0,0.0,0.0,0.0,-0.40955773128032685,0.25478979068520635,0,1.0,0.0
45,4,0.0,0.0,0.0,-1.0,0.0,0.0,0.0,0.0,-0.3585958643054962,0.25478979068520635,0,1.0,4.0
46,1,0.0,0.0,1,0.0,0.0,0.0,0.0,0.0,0.7295081913471222,0.05315171715862898,0,1.0,0.0
46,1,0.0,0.0,0.0,0.0,0.0,0.0,0.0,1.0,0.5916666686534882,0.05315171715862898,0,1.0,1.0
46,2,0.0,0.0,1,0.0,0.0,0.0,0.0,0.0,0.7295081913471222,-0.464117953137717,0,1.0,0.0
46,2,0.0,0.0,0.0,0.0,0.0,0.0,0.0,-1.0,-0.5916766686534881,-0.464117953137717,0,1.0,1.0
46,3,0.0,0.0,-1,0.0,0.0,0.0,0.0,0.0,-0.7295181913471221,-0.6800515415021431,0,1.0,0.0
46,3,1.0,0.0,0.0,0.0,0.0,0.0,0.0,0.0,0.44117647409439087,-0.6800515415021431,0,1.0,4.0
46,4,0.0,0.0,-1,0.0,0.0,0.0,0.0,0.0,-0.7295181913471221,0.8789671839971505,0,1.0,0.0
46,4,-1.0,0.0,0.0,0.0,0.0,0.0,0.0,0.0,-0.4411864740943909,0.8789671839971505,0,1.0,4.0
47,1,0.0,0.0,0.0,0.0,0.0,0.0,0.0,1,0.5083333253860474,-0.07654007901088043,0,1.0,0.0
47,1,0.0,0.0,0.0,0.0,0.0,0.0,1.0,0.0,0.4395815581083298,-0.07654007901088043,0,1.0,1.0
47,2,0.0,0.0,0.0,0.0,0.0,0.0,0.0,1,0.5083333253860474,0.7445027165892827,0,1.0,0.0
47,2,0.0,0.0,0.0,0.0,0.0,0.0,-1.0,0.0,-0.4395915581083298,0.7445027165892827,0,1.0,1.0
47,3,0.0,0.0,0.0,0.0,0.0,0.0,0.0,-1,-0.5083433253860473,1.9841239480828332,0,1.0,0.0
47,3,0.0,0.0,0.0,0.0,0.0,0.0,0.0,1,0.5250000059604645,1.9841239480828332,0,1.0,4.0
47,4,0.0,0.0,0.0,0.0,0.0,0.0,0.0,-1,-0.5083433253860473,0.11610992371856547,0,1.0,0.0
47,4,0.0,0.0,0.0,0.0,0.0,0.0,0.0,-1,-0.5250100059604644,0.11610992371856547,0,1.0,4.0
48,1,0.0,0.0,0.0,0.0,0.0,0.0,0.0,1,0.8083333373069763,-0.10716790558804583,0,1.0,0.0
48,1,0.0,1.0,0.0,0.0,0.0,0.0,0.0,0.0,0.6206030249595642,-0.10716790558804583,0,1.0,1.0
48,2,0.0,0.0,0.0,0.0,0.0,0.0,0.0,1,0.8083333373069763,0.09656490350171779,0,1.0,0.0
48,2,0.0,-1.0,0.0,0.0,0.0,0.0,0.0,0.0,-0.6206130249595642,0.09656490350171779,0,1.0,1.0
48,3,0.0,0.0,0.0,0.0,0.0,0.0,0.0,-1,-0.8083433373069763,2.0407105110105204,0,1.0,0.0
48,3,0.0,0.0,0.0,0.0,0.0,0.0,0.0,1,0.8333333432674408,2.0407105110105204,0,1.0,4.0
48,4,0.0,0.0,0.0,0.0,0.0,0.0,0.0,-1,-0.8083433373069763,-1.0058010647862015,0,1.0,0.0
48,4,0.0,0.0,0.0,0.0,0.0,0.0,0.0,-1,-0.8333433432674408,-1.0058010647862015,0,1.0,4.0
49,1,0.0,0.0,0.0,0.0,0.0,0.0,1,0.0,0.5631938576698303,0.0050744780929690425,0,1.0,0.0
49,1,0.0,0.0,0.0,0.0,0.0,0.0,1,0.0,0.5162254571914673,0.0050744780929690425,0,1.0,1.0
49,2,0.0,0.0,0.0,0.0,0.0,0.0,1,0.0,0.5631938576698303,1.4132289517879593,0,1.0,0.0
49,2,0.0,0.0,0.0,0.0,0.0,0.0,-1,0.0,-0.5162354571914672,1.4132289517879593,0,1.0,1.0
49,3,0.0,0.0,0.0,0.0,0.0,0.0,-1,0.0,-0.5632038576698303,-0.11588898550678295,0,1.0,0.0
49,3,0.0,0.0,0.0,0.0,0.0,0.0,0.0,1.0,0.2083333358168602,-0.11588898550678295,0,1.0,4.0
49,4,0.0,0.0,0.0,0.0,0.0,0.0,-1,0.0,-0.5632038576698303,-1.4256222274682009,0,1.0,0.0
49,4,0.0,0.0,0.0,0.0,0.0,0.0,0.0,-1.0,-0.2083433358168602,-1.4256222274682009,0,1.0,4.0
50,1,0.0,0.0,0.0,0.0,0.0,0.0,1,0.0,0.035226304084062576,-0.24895406790741068,0,1.0,0.0
50,1,0.0,0.0,0.0,0.0,0.0,0.0,1,0.0,0.03479931689798832,-0.24895406790741068,0,1.0,1.0
50,2,0.0,0.0,0.0,0.0,0.0,0.0,1,0.0,0.035226304084062576,-1.919871644144759,0,1.0,0.0
50,2,0.0,0.0,0.0,0.0,0.0,0.0,-1,0.0,-0.03480931689798832,-1.919871644144759,0,1.0,1.0
50,3,0.0,0.0,0.0,0.0,0.0,0.0,-1,0.0,-0.03523630408406258,2.002889127910227,0,1.0,0.0
50,3,0.0,0.0,0.0,0.0,0.0,0.0,1,0.0,0.035653289407491684,2.002889127910227,0,1.0,4.0
50,4,0.0,0.0,0.0,0.0,0.0,0.0,-1,0.0,-0.03523630408406258,0.016211968732388386,0,1.0,0.0
50,4,0.0,0.0,0.0,0.0,0.0,0.0,-1,0.0,-0.03566328940749169,0.016211968732388386,0,1.0,4.0
51,1,0.0,0.0,0.0,0.0,0.0,0.0,1,0.0,0.027113577350974083,-0.09291597925686702,0,1.0,0.0
51,1,0.0,0.0,0.0,0.0,0.0,0.0,1,0.0,0.026686592027544975,-0.09291597925686702,0,1.0,1.0
51,2,0.0,0.0,0.0,0.0,0.0,0.0,1,0.0,0.027113577350974083,4.7716526840440565,0,1.0,0.0
51,2,0.0,0.0,0.0,0.0,0.0,0.0,-1,0.0,-0.026696592027544975,4.7716526840440565,0,1.0,1.0
51,3,0.0,0.0,0.0,0.0,0.0,0.0,-1,0.0,-0.027123577350974083,-0.7351327941102015,0,1.0,0.0
51,3,0.0,0.0,0.0,0.0,0.0,0.0,1,0.0,0.040777113288640976,-0.7351327941102015,0,1.0,4.0
51,4,0.0,0.0,0.0,0.0,0.0,0.0,-1,0.0,-0.027123577350974083,0.0110089726330723,0,1.0,0.0
51,4,0.0,0.0,0.0,0.0,0.0,0.0,-1,0.0,-0.04078711328864098,0.0110089726330723,0,1.0,4.0
52,1,1,0.0,0.0,0.0,0.0,0.0,0.0,0.0,0.5588235557079315,0.2534814360623981,0,1.0,0.0
52,1,0.0,0.0,0.0,0.0,0.0,0.0,1.0,0.0,0.08219470456242561,0.2534814360623981,0,1.0,1.0
52,2,1,0.0,0.0,0.0,0.0,0.0,0.0,0.0,0.5588235557079315,-0.07235836584180014,0,1.0,0.0
52,2,0.0,0.0,0.0,0.0,0.0,0.0,-1.0,0.0,-0.08220470456242561,-0.07235836584180014,0,1.0,1.0
52,3,-1,0.0,0.0,0.0,0.0,0.0,0.0,0.0,-0.5588335557079315,-0.244852394263952,0,1.0,0.0
52,3,0.0,1.0,0.0,0.0,0.0,0.0,0.0,0.0,0.8894472420215607,-0.244852394263952,0,1.0,4.0
52,4,-1,0.0,0.0,0.0,0.0,0.0,0.0,0.0,-0.5588335557079315,-2.328751915256622,0,1.0,0.0
52,4,0.0,-1.0,0.0,0.0,0.0,0.0,0.0,0.0,-0.8894572420215606,-2.328751915256622,0,1.0,4.0
53,1,0.0,0.0,0.0,0.0,0.0,0.0,1,0.0,0.11293766275048256,-0.1083218544564744,0,1.0,0.0
53,1,0.0,0.0,0.0,0.0,0.0,0.0,1,0.0,0.11208369210362434,-0.1083218544564744,0,1.0,1.0
53,2,0.0,0.0,0.0,0.0,0.0,0.0,1,0.0,0.11293766275048256,-4.126749983554376,0,1.0,0.0
53,2,0.0,0.0,0.0,0.0,0.0,0.0,-1,0.0,-0.11209369210362434,-4.126749983554376,0,1.0,1.0
53,3,0.0,0.0,0.0,0.0,0.0,0.0,-1,0.0,-0.11294766275048256,0.1413412367883559,0,1.0,0.0
53,3,0.0,0.0,0.0,0.0,1.0,0.0,0.0,0.0,0.388888880610466,0.1413412367883559,0,1.0,4.0
53,4,0.0,0.0,0.0,0.0,0.0,0.0,-1,0.0,-0.11294766275048256,-0.9589546432832432,0,1.0,0.0
53,4,0.0,0.0,0.0,0.0,-1.0,0.0,0.0,0.0,-0.388898880610466,-0.9589546432832432,0,1.0,4.0
54,1,0.0,1,0.0,0.0,0.0,0.0,0.0,0.0,0.7763819098472595,-0.08894677525916798,0,1.0,0.0
54,1,0.0,0.0,0.0,0.0,0.0,1.0,0.0,0.0,0.6766020953655243,-0.08894677525916798,0,1.0,1.0
54,2,0.0,1,0.0,0.0,0.0,0.0,0.0,0.0,0.7763819098472595,0.6871425538170766,0,1.0,0.0
54,2,0.0,0.0,0.0,0.0,0.0,-1.0,0.0,0.0,-0.6766120953655242,0.6871425538170766,0,1.0,1.0
54,3,0.0,-1,0.0,0.0,0.0,0.0,0.0,0.0,-0.7763919098472595,1.3981917139897928,0,1.0,0.0
54,3,0.0,1,0.0,0.0,0.0,0.0,0.0,0.0,0.786432147026062,1.3981917139897928,0,1.0,4.0
54,4,0.0,-1,0.0,0.0,0.0,0.0,0.0,0.0,-0.7763919098472595,0.2974883379015643,0,1.0,0.0
54,4,0.0,-1,0.0,0.0,0.0,0.0,0.0,0.0,-0.786442147026062,0.2974883379015643,0,1.0,4.0
55,1,0.0,0.0,0.0,0.0,0.0,1,0.0,0.0,0.42995528876781464,0.13837182397021291,0,1.0,0.0
55,1,1.0,0.0,0.0,0.0,0.0,0.0,0.0,0.0,0.20588235557079315,0.13837182397021291,0,1.0,1.0
55,2,0.0,0.0,0.0,0.0,0.0,1,0.0,0.0,0.42995528876781464,-0.530408459219309,0,1.0,0.0
55,2,-1.0,0.0,0.0,0.0,0.0,0.0,0.0,0.0,-0.20589235557079316,-0.530408459219309,0,1.0,1.0
55,3,0.0,0.0,0.0,0.0,0.0,-1,0.0,0.0,-0.42996528876781465,-0.1302784431695741,0,1.0,0.0
55,3,0.0,0.0,0.0,0.0,0.0,0.0,0.0,1.0,0.14166667312383652,-0.1302784431695741,0,1.0,4.0
55,4,0.0,0.0,0.0,0.0,0.0,-1,0.0,0.0,-0.42996528876781465,0.22451536795954796,0,1.0,0.0
55,4,0.0,0.0,0.0,0.0,0.0,0.0,0.0,-1.0,-0.14167667312383653,0.22451536795954796,0,1.0,4.0
56,1,0.0,0.0,0.0,0.0,0.0,1,0.0,0.0,0.6639344394207001,-0.03955201797183733,0,1.0,0.0
56,1,0.0,0.0,0.0,0.0,1.0,0.0,0.0,0.0,0.1459810882806778,-0.03955201797183733,0,1.0,1.0
56,2,0.0,0.0,0.0,0.0,0.0,1,0.0,0.0,0.6639344394207001,0.1696264202285454,0,1.0,0.0
56,2,0.0,0.0,0.0,0.0,-1.0,0.0,0.0,0.0,-0.1459910882806778,0.1696264202285454,0,1.0,1.0
56,3,0.0,0.0,0.0,0.0,0.0,-1,0.0,0.0,-0.6639444394207,-0.44039816263939247,0,1.0,0.0
56,3,0.0,0.0,0.0,0.0,0.0,0.0,0.0,1.0,0.5833333432674408,-0.44039816263939247,0,1.0,4.0
56,4,0.0,0.0,0.0,0.0,0.0,-1,0.0,0.0,-0.6639444394207,-2.1841320799884123,0,1.0,0.0
56,4,0.0,0.0,0.0,0.0,0.0,0.0,0.0,-1.0,-0.5833433432674408,-2.1841320799884123,0,1.0,4.0
57,1,0.0,0.0,0.0,0.0,1,0.0,0.0,0.0,0.1979905441403389,0.0036187048441490904,0,1.0,0.0
57,1,0.0,0.0,0.0,0.0,1,0.0,0.0,0.0,0.1838061437010765,0.0036187048441490904,0,1.0,1.0
57,2,0.0,0.0,0.0,0.0,1,0.0,0.0,0.0,0.1979905441403389,0.8508164526999729,0,1.0,0.0
57,2,0.0,0.0,0.0,0.0,-1,0.0,0.0,0.0,-0.18381614370107652,0.8508164526999729,0,1.0,1.0
57,3,0.0,0.0,0.0,0.0,-1,0.0,0.0,0.0,-0.1980005441403389,2.72342937687406,0,1.0,0.0
57,3,0.0,0.0,1.0,0.0,0.0,0.0,0.0,0.0,0.40163934230804443,2.72342937687406,0,1.0,4.0
57,4,0.0,0.0,0.0,0.0,-1,0.0,0.0,0.0,-0.1980005441403389,-0.2475373970361642,0,1.0,0.0
57,4,0.0,0.0,-1.0,0.0,0.0,0.0,0.0,0.0,-0.40164934230804444,-0.2475373970361642,0,1.0,4.0
58,1,0.0,0.0,0.0,0.0,1,0.0,0.0,0.0,0.05732860416173935,-0.07265982315064815,0,1.0,0.0
58,1,1.0,0.0,0.0,0.0,0.0,0.0,0.0,0.0,0.3235294222831726,-0.07265982315064815,0,1.0,1.0
58,2,0.0,0.0,0.0,0.0,1,0.0,0.0,0.0,0.05732860416173935,0.3077378797379956,0,1.0,0.0
58,2,-1.0,0.0,0.0,0.0,0.0,0.0,0.0,0.0,-0.3235394222831726,0.3077378797379956,0,1.0,1.0
58,3,0.0,0.0,0.0,0.0,-1,0.0,0.0,0.0,-0.05733860416173935,0.020700440537421302,0,1.0,0.0
58,3,1.0,0.0,0.0,0.0,0.0,0.0,0.0,0.0,0.3235294222831726,0.020700440537421302,0,1.0,4.0
58,4,0.0,0.0,0.0,0.0,-1,0.0,0.0,0.0,-0.05733860416173935,-0.38484626194455385,0,1.0,0.0
58,4,-1.0,0.0,0.0,0.0,0.0,0.0,0.0,0.0,-0.3235394222831726,-0.38484626194455385,0,1.0,4.0
59,1,0.0,0.0,0.0,1,0.0,0.0,0.0,0.0,0.21717172116041183,0.16450773795542994,0,1.0,0.0
59,1,0.0,0.0,0.0,0.0,0.0,1.0,0.0,0.0,0.4597615450620651,0.16450773795542994,0,1.0,1.0
59,2,0.0,0.0,0.0,1,0.0,0.0,0.0,0.0,0.21717172116041183,-0.3477063583794922,0,1.0,0.0
59,2,0.0,0.0,0.0,0.0,0.0,-1.0,0.0,0.0,-0.45977154506206513,-0.3477063583794922,0,1.0,1.0
59,3,0.0,0.0,0.0,-1,0.0,0.0,0.0,0.0,-0.21718172116041184,-0.13397181860586957,0,1.0,0.0
59,3,0.0,0.0,0.0,0.0,0.0,0.0,0.0,1.0,0.1250000037252903,-0.13397181860586957,0,1.0,4.0
59,4,0.0,0.0,0.0,-1,0.0,0.0,0.0,0.0,-0.21718172116041184,0.23481209410484244,0,1.0,0.0
59,4,0.0,0.0,0.0,0.0,0.0,0.0,0.0,-1.0,-0.1250100037252903,0.23481209410484244,0,1.0,4.0
60,1,1,0.0,0.0,0.0,0.0,0.0,0.0,0.0,0.029411764815449715,0.5127284675671656,0,1.0,0.0
60,1,0.0,0.0,0.0,0.0,0.0,0.0,1.0,0.0,0.2967549115419388,0.5127284675671656,0,1.0,1.0
60,2,1,0.0,0.0,0.0,0.0,0.0,0.0,0.0,0.029411764815449715,-0.6622719866655137,0,1.0,0.0
60,2,0.0,0.0,0.0,0.0,0.0,0.0,-1.0,0.0,-0.2967649115419388,-0.6622719866655137,0,1.0,1.0
60,3,-1,0.0,0.0,0.0,0.0,0.0,0.0,0.0,-0.029421764815449714,0.10571870632655335,0,1.0,0.0
60,3,0.0,0.0,0.0,1.0,0.0,0.0,0.0,0.0,0.14646464586257935,0.10571870632655335,0,1.0,4.0
60,4,-1,0.0,0.0,0.0,0.0,0.0,0.0,0.0,-0.029421764815449714,-0.1349448935533364,0,1.0,0.0
60,4,0.0,0.0,0.0,-1.0,0.0,0.0,0.0,0.0,-0.14647464586257936,-0.1349448935533364,0,1.0,4.0
61,1,0.0,0.0,0.0,0.0,1,0.0,0.0,0.0,0.5348699688911438,-0.014355929174063952,0,1.0,0.0
61,1,0.0,0.0,0.0,0.0,1,0.0,0.0,0.0,0.5053191483020782,-0.014355929174063952,0,1.0,1.0
61,2,0.0,0.0,0.0,0.0,1,0.0,0.0,0.0,0.5348699688911438,-1.4171689569848205,0,1.0,0.0
61,2,0.0,0.0,0.0,0.0,-1,0.0,0.0,0.0,-0.5053291483020782,-1.4171689569848205,0,1.0,1.0
61,3,0.0,0.0,0.0,0.0,-1,0.0,0.0,0.0,-0.5348799688911438,1.2463513744458585,0,1.0,0.0
61,3,0.0,0.0,0.0,1.0,0.0,0.0,0.0,0.0,0.31313131749629974,1.2463513744458585,0,1.0,4.0
61,4,0.0,0.0,0.0,0.0,-1,0.0,0.0,0.0,-0.5348799688911438,-0.019319882635816,0,1.0,0.0
61,4,0.0,0.0,0.0,-1.0,0.0,0.0,0.0,0.0,-0.31314131749629975,-0.019319882635816,0,1.0,4.0
62,1,0.0,0.0,0.0,0.0,0.0,1,0.0,0.0,0.46870341897010803,-0.197308996782849,0,1.0,0.0
62,1,1.0,0.0,0.0,0.0,0.0,0.0,0.0,0.0,0.6176470816135406,-0.197308996782849,0,1.0,1.0
62,2,0.0,0.0,0.0,0.0,0.0,1,0.0,0.0,0.46870341897010803,1.0820195971986362,0,1.0,0.0
62,2,-1.0,0.0,0.0,0.0,0.0,0.0,0.0,0.0,-0.6176570816135406,1.0820195971986362,0,1.0,1.0
62,3,0.0,0.0,0.0,0.0,0.0,-1,0.0,0.0,-0.46871341897010804,1.3555197240134313,0,1.0,0.0
62,3,0.0,0.0,0.0,0.0,0.0,1,0.0,0.0,0.4731743633747101,1.3555197240134313,0,1.0,4.0
62,4,0.0,0.0,0.0,0.0,0.0,-1,0.0,0.0,-0.46871341897010804,0.04913016894640218,0,1.0,0.0
62,4,0.0,0.0,0.0,0.0,0.0,-1,0.0,0.0,-0.4731843633747101,0.04913016894640218,0,1.0,4.0
63,1,0.0,0.0,1,0.0,0.0,0.0,0.0,0.0,0.6803278625011444,-0.09370871174831695,0,1.0,0.0
63,1,0.0,1.0,0.0,0.0,0.0,0.0,0.0,0.0,0.6206030249595642,-0.09370871174831695,0,1.0,1.0
63,2,0.0,0.0,1,0.0,0.0,0.0,0.0,0.0,0.6803278625011444,0.2124476939067385,0,1.0,0.0
63,2,0.0,-1.0,0.0,0.0,0.0,0.0,0.0,0.0,-0.6206130249595642,0.2124476939067385,0,1.0,1.0
63,3,0.0,0.0,-1,0.0,0.0,0.0,0.0,0.0,-0.6803378625011444,1.5699395646599723,0,1.0,0.0
63,3,0.0,0.0,0.0,0.0,0.0,0.0,1.0,0.0,0.021135780960321426,1.5699395646599723,0,1.0,4.0
63,4,0.0,0.0,-1,0.0,0.0,0.0,0.0,0.0,-0.6803378625011444,-0.2538459211919443,0,1.0,0.0
63,4,0.0,0.0,0.0,0.0,0.0,0.0,-1.0,0.0,-0.021145780960321426,-0.2538459211919443,0,1.0,4.0
64,1,0.0,0.0,0.0,0.0,0.0,0.0,1,0.0,0.23740392178297043,-0.04712517259264737,0,1.0,0.0
64,1,0.0,0.0,0.0,0.0,0.0,0.0,1,0.0,0.23590947687625885,-0.04712517259264737,0,1.0,1.0
64,2,0.0,0.0,0.0,0.0,0.0,0.0,1,0.0,0.23740392178297043,-2.2933793208054585,0,1.0,0.0
64,2,0.0,0.0,0.0,0.0,0.0,0.0,-1,0.0,-0.23591947687625886,-2.2933793208054585,0,1.0,1.0
64,3,0.0,0.0,0.0,0.0,0.0,0.0,-1,0.0,-0.23741392178297044,-0.31575859839281284,0,1.0,0.0
64,3,0.0,0.0,0.0,0.0,0.0,1.0,0.0,0.0,0.4739195257425308,-0.31575859839281284,0,1.0,4.0
64,4,0.0,0.0,0.0,0.0,0.0,0.0,-1,0.0,-0.23741392178297044,0.4401364411819439,0,1.0,0.0
64,4,0.0,0.0,0.0,0.0,0.0,-1.0,0.0,0.0,-0.47392952574253083,0.4401364411819439,0,1.0,4.0
65,1,0.0,0.0,0.0,0.0,0.0,1,0.0,0.0,0.4642324894666672,0.1294174929370578,0,1.0,0.0
65,1,0.0,0.0,0.0,0.0,0.0,1,0.0,0.0,0.4627421796321869,0.1294174929370578,0,1.0,1.0
65,2,0.0,0.0,0.0,0.0,0.0,1,0.0,0.0,0.4642324894666672,1.9873479892500867,0,1.0,0.0
65,2,0.0,0.0,0.0,0.0,0.0,-1,0.0,0.0,-0.4627521796321869,1.9873479892500867,0,1.0,1.0
65,3,0.0,0.0,0.0,0.0,0.0,-1,0.0,0.0,-0.4642424894666672,0.0394602679109248,0,1.0,0.0
65,3,1.0,0.0,0.0,0.0,0.0,0.0,0.0,0.0,0.3235294222831726,0.0394602679109248,0,1.0,4.0
65,4,0.0,0.0,0.0,0.0,0.0,-1,0.0,0.0,-0.4642424894666672,-0.36952510407502603,0,1.0,0.0
65,4,-1.0,0.0,0.0,0.0,0.0,0.0,0.0,0.0,-0.3235394222831726,-0.36952510407502603,0,1.0,4.0
66,1,0.0,0.0,0.0,0.0,0.0,0.0,0.0,1,0.22500000149011612,-0.149164053928193,0,1.0,0.0
66,1,1.0,0.0,0.0,0.0,0.0,0.0,0.0,0.0,0.38235294818878174,-0.149164053928193,0,1.0,1.0
66,2,0.0,0.0,0.0,0.0,0.0,0.0,0.0,1,0.22500000149011612,0.7233538484517523,0,1.0,0.0
66,2,-1.0,0.0,0.0,0.0,0.0,0.0,0.0,0.0,-0.38236294818878175,0.7233538484517523,0,1.0,1.0
66,3,0.0,0.0,0.0,0.0,0.0,0.0,0.0,-1,-0.22501000149011613,1.1458244512802052,0,1.0,0.0
66,3,0.0,0.0,0.0,0.0,0.0,0.0,0.0,1,0.25833334028720856,1.1458244512802052,0,1.0,4.0
66,4,0.0,0.0,0.0,0.0,0.0,0.0,0.0,-1,-0.22501000149011613,0.014503377766649613,0,1.0,0.0
66,4,0.0,0.0,0.0,0.0,0.0,0.0,0.0,-1,-0.25834334028720857,0.014503377766649613,0,1.0,4.0
67,1,0.0,0.0,0.0,0.0,0.0,1,0.0,0.0,0.7399403750896454,0.014858082390478826,0,1.0,0.0
67,1,1.0,0.0,0.0,0.0,0.0,0.0,0.0,0.0,0.5588235557079315,0.014858082390478826,0,1.0,1.0
67,2,0.0,0.0,0.0,0.0,0.0,1,0.0,0.0,0.7399403750896454,-0.281043685830493,0,1.0,0.0
67,2,-1.0,0.0,0.0,0.0,0.0,0.0,0.0,0.0,-0.5588335557079315,-0.281043685830493,0,1.0,1.0
67,3,0.0,0.0,0.0,0.0,0.0,-1,0.0,0.0,-0.7399503750896453,1.349206669650937,0,1.0,0.0
67,3,0.0,1.0,0.0,0.0,0.0,0.0,0.0,0.0,0.6155778765678406,1.349206669650937,0,1.0,4.0
67,4,0.0,0.0,0.0,0.0,0.0,-1,0.0,0.0,-0.7399503750896453,-0.9280713442267567,0,1.0,0.0
67,4,0.0,-1.0,0.0,0.0,0.0,0.0,0.0,0.0,-0.6155878765678405,-0.9280713442267567,0,1.0,4.0
68,1,0.0,0.0,0.0,0.0,0.0,0.0,0.0,1,0.34166666865348816,0.03483865514526925,0,1.0,0.0
68,1,0.0,0.0,0.0,0.0,0.0,0.0,0.0,1,0.2083333358168602,0.03483865514526925,0,1.0,1.0
68,2,0.0,0.0,0.0,0.0,0.0,0.0,0.0,1,0.34166666865348816,-0.2711837942938876,0,1.0,0.0
68,2,0.0,0.0,0.0,0.0,0.0,0.0,0.0,-1,-0.2083433358168602,-0.2711837942938876,0,1.0,1.0
68,3,0.0,0.0,0.0,0.0,0.0,0.0,0.0,-1,-0.34167666865348817,-0.15074969936893262,0,1.0,0.0
68,3,0.0,1.0,0.0,0.0,0.0,0.0,0.0,0.0,0.6457286477088928,-0.15074969936893262,0,1.0,4.0
68,4,0.0,0.0,0.0,0.0,0.0,0.0,0.0,-1,-0.34167666865348817,0.49387438686541857,0,1.0,0.0
68,4,0.0,-1.0,0.0,0.0,0.0,0.0,0.0,0.0,-0.6457386477088928,0.49387438686541857,0,1.0,4.0
69,1,0.0,0.0,0.0,0.0,0.0,0.0,0.0,1,0.6916666626930237,-0.3235921338598471,0,1.0,0.0
69,1,0.0,0.0,1.0,0.0,0.0,0.0,0.0,0.0,0.48360656201839447,-0.3235921338598471,0,1.0,1.0
69,2,0.0,0.0,0.0,0.0,0.0,0.0,0.0,1,0.6916666626930237,0.06410063428122738,0,1.0,0.0
69,2,0.0,0.0,-1.0,0.0,0.0,0.0,0.0,0.0,-0.4836165620183945,0.06410063428122738,0,1.0,1.0
69,3,0.0,0.0,0.0,0.0,0.0,0.0,0.0,-1,-0.6916766626930236,-1.497999387173979,0,1.0,0.0
69,3,0.0,0.0,0.0,0.0,0.0,0.0,0.0,1,0.7083333134651184,-1.497999387173979,0,1.0,4.0
69,4,0.0,0.0,0.0,0.0,0.0,0.0,0.0,-1,-0.6916766626930236,-0.3539551878620867,0,1.0,0.0
69,4,0.0,0.0,0.0,0.0,0.0,0.0,0.0,-1,-0.7083433134651184,-0.3539551878620867,0,1.0,4.0
70,1,0.0,1,0.0,0.0,0.0,0.0,0.0,0.0,0.5954774022102356,-0.005251992606798861,0,1.0,0.0
70,1,0.0,1,0.0,0.0,0.0,0.0,0.0,0.0,0.5603015124797821,-0.005251992606798861,0,1.0,1.0
70,2,0.0,1,0.0,0.0,0.0,0.0,0.0,0.0,0.5954774022102356,0.4524435870721792,0,1.0,0.0
70,2,0.0,-1,0.0,0.0,0.0,0.0,0.0,0.0,-0.5603115124797821,0.4524435870721792,0,1.0,1.0
70,3,0.0,-1,0.0,0.0,0.0,0.0,0.0,0.0,-0.5954874022102356,0.6973606726074217,0,1.0,0.0
70,3,0.0,0.0,1.0,0.0,0.0,0.0,0.0,0.0,0.4508196711540222,0.6973606726074217,0,1.0,4.0
70,4,0.0,-1,0.0,0.0,0.0,0.0,0.0,0.0,-0.5954874022102356,-0.1624953215267472,0,1.0,0.0
70,4,0.0,0.0,-1.0,0.0,0.0,0.0,0.0,0.0,-0.4508296711540222,-0.1624953215267472,0,1.0,4.0
71,1,0.0,0.0,1,0.0,0.0,0.0,0.0,0.0,0.41803278028964996,-0.30917910161421663,0,1.0,0.0
71,1,0.0,0.0,0.0,0.0,0.0,0.0,0.0,1.0,0.32500000298023224,-0.30917910161421663,0,1.0,1.0
71,2,0.0,0.0,1,0.0,0.0,0.0,0.0,0.0,0.41803278028964996,-1.7879451152635792,0,1.0,0.0
71,2,0.0,0.0,0.0,0.0,0.0,0.0,0.0,-1.0,-0.32501000298023225,-1.7879451152635792,0,1.0,1.0
71,3,0.0,0.0,-1,0.0,0.0,0.0,0.0,0.0,-0.41804278028965,-0.030238997761647762,0,1.0,0.0
71,3,0.0,0.0,0.0,0.0,0.0,0.0,0.0,1.0,0.2750000059604645,-0.030238997761647762,0,1.0,4.0
71,4,0.0,0.0,-1,0.0,0.0,0.0,0.0,0.0,-0.41804278028965,0.14086056028217087,0,1.0,0.0
71,4,0.0,0.0,0.0,0.0,0.0,0.0,0.0,-1.0,-0.2750100059604645,0.14086056028217087,0,1.0,4.0
72,1,0.0,0.0,1,0.0,0.0,0.0,0.0,0.0,0.5983606576919556,0.028020229197493213,0,1.0,0.0
72,1,1.0,0.0,0.0,0.0,0.0,0.0,0.0,0.0,0.5588235557079315,0.028020229197493213,0,1.0,1.0
72,2,0.0,0.0,1,0.0,0.0,0.0,0.0,0.0,0.5983606576919556,0.6962746099665629,0,1.0,0.0
72,2,-1.0,0.0,0.0,0.0,0.0,0.0,0.0,0.0,-0.5588335557079315,0.6962746099665629,0,1.0,1.0
72,3,0.0,0.0,-1,0.0,0.0,0.0,0.0,0.0,-0.5983706576919555,0.27387684912024085,0,1.0,0.0
72,3,0.0,1.0,0.0,0.0,0.0,0.0,0.0,0.0,0.5301507711410522,0.27387684912024085,0,1.0,4.0
72,4,0.0,0.0,-1,0.0,0.0,0.0,0.0,0.0,-0.5983706576919555,-0.1887159897208109,0,1.0,0.0
72,4,0.0,-1.0,0.0,0.0,0.0,0.0,0.0,0.0,-0.5301607711410522,-0.1887159897208109,0,1.0,4.0
73,1,0.0,1,0.0,0.0,0.0,0.0,0.0,0.0,0.6206030249595642,-0.033803326278078076,0,1.0,0.0
73,1,1.0,0.0,0.0,0.0,0.0,0.0,0.0,0.0,0.44117647409439087,-0.033803326278078076,0,1.0,1.0
73,2,0.0,1,0.0,0.0,0.0,0.0,0.0,0.0,0.6206030249595642,-0.4767556614338671,0,1.0,0.0
73,2,-1.0,0.0,0.0,0.0,0.0,0.0,0.0,0.0,-0.4411864740943909,-0.4767556614338671,0,1.0,1.0
73,3,0.0,-1,0.0,0.0,0.0,0.0,0.0,0.0,-0.6206130249595642,-0.16545758709340969,0,1.0,0.0
73,3,0.0,0.0,0.0,0.0,0.0,0.0,1.0,0.0,0.09884713962674141,-0.16545758709340969,0,1.0,4.0
73,4,0.0,-1,0.0,0.0,0.0,0.0,0.0,0.0,-0.6206130249595642,0.32626967265816126,0,1.0,0.0
73,4,0.0,0.0,0.0,0.0,0.0,0.0,-1.0,0.0,-0.0988571396267414,0.32626967265816126,0,1.0,4.0
74,1,0.0,0.0,0.0,0.0,0.0,0.0,1,0.0,0.21840307116508484,0.010256010373591216,0,1.0,0.0
74,1,0.0,0.0,0.0,0.0,0.0,0.0,1,0.0,0.19235695898532867,0.010256010373591216,0,1.0,1.0
74,2,0.0,0.0,0.0,0.0,0.0,0.0,1,0.0,0.21840307116508484,0.7006223579516695,0,1.0,0.0
74,2,0.0,0.0,0.0,0.0,0.0,0.0,-1,0.0,-0.19236695898532868,0.7006223579516695,0,1.0,1.0
74,3,0.0,0.0,0.0,0.0,0.0,0.0,-1,0.0,-0.21841307116508485,-1.3057730067971705,0,1.0,0.0
74,3,0.0,0.0,0.0,0.0,0.0,0.0,1,0.0,0.2282237410545349,-1.3057730067971705,0,1.0,4.0
74,4,0.0,0.0,0.0,0.0,0.0,0.0,-1,0.0,-0.21841307116508485,-0.06093265249527407,0,1.0,0.0
74,4,0.0,0.0,0.0,0.0,0.0,0.0,-1,0.0,-0.22823374105453492,-0.06093265249527407,0,1.0,4.0
75,1,0.0,0.0,1,0.0,0.0,0.0,0.0,0.0,0.6475409865379333,0.007651974313311469,0,1.0,0.0
75,1,0.0,0.0,1,0.0,0.0,0.0,0.0,0.0,0.6106557250022888,0.007651974313311469,0,1.0,1.0
75,2,0.0,0.0,1,0.0,0.0,0.0,0.0,0.0,0.6475409865379333,-0.4085048397589873,0,1.0,0.0
75,2,0.0,0.0,-1,0.0,0.0,0.0,0.0,0.0,-0.6106657250022888,-0.4085048397589873,0,1.0,1.0
75,3,0.0,0.0,-1,0.0,0.0,0.0,0.0,0.0,-0.6475509865379333,0.14606164326393936,0,1.0,0.0
75,3,0.0,0.0,0.0,0.0,1.0,0.0,0.0,0.0,0.6235224604606628,0.14606164326393936,0,1.0,4.0
75,4,0.0,0.0,-1,0.0,0.0,0.0,0.0,0.0,-0.6475509865379333,-1.3984988651475725,0,1.0,0.0
75,4,0.0,0.0,0.0,0.0,-1.0,0.0,0.0,0.0,-0.6235324604606628,-1.3984988651475725,0,1.0,4.0
76,1,0.0,0.0,0.0,0.0,0.0,0.0,1,0.0,0.38663536310195923,-0.045093039090844333,0,1.0,0.0
76,1,0.0,0.0,0.0,0.0,0.0,1.0,0.0,0.0,0.5447093844413757,-0.045093039090844333,0,1.0,1.0
76,2,0.0,0.0,0.0,0.0,0.0,0.0,1,0.0,0.38663536310195923,0.20644962158951796,0,1.0,0.0
76,2,0.0,0.0,0.0,0.0,0.0,-1.0,0.0,0.0,-0.5447193844413757,0.20644962158951796,0,1.0,1.0
76,3,0.0,0.0,0.0,0.0,0.0,0.0,-1,0.0,-0.38664536310195924,-1.7446864126510777,0,1.0,0.0
76,3,0.0,0.0,0.0,0.0,0.0,0.0,1,0.0,0.3932536393404007,-1.7446864126510777,0,1.0,4.0
76,4,0.0,0.0,0.0,0.0,0.0,0.0,-1,0.0,-0.38664536310195924,-0.2640570834492995,0,1.0,0.0
76,4,0.0,0.0,0.0,0.0,0.0,0.0,-1,0.0,-0.3932636393404007,-0.2640570834492995,0,1.0,4.0
77,1,0.0,0.0,0.0,0.0,0.0,1,0.0,0.0,0.5894187986850739,0.024741412664399415,0,1.0,0.0
77,1,0.0,0.0,0.0,0.0,0.0,1,0.0,0.0,0.5879284739494324,0.024741412664399415,0,1.0,1.0
77,2,0.0,0.0,0.0,0.0,0.0,1,0.0,0.0,0.5894187986850739,2.8469507754567034,0,1.0,0.0
77,2,0.0,0.0,0.0,0.0,0.0,-1,0.0,0.0,-0.5879384739494323,2.8469507754567034,0,1.0,1.0
77,3,0.0,0.0,0.0,0.0,0.0,-1,0.0,0.0,-0.5894287986850738,-0.956832554743305,0,1.0,0.0
77,3,0.0,0.0,0.0,0.0,0.0,1,0.0,0.0,0.6087928414344788,-0.956832554743305,0,1.0,4.0
77,4,0.0,0.0,0.0,0.0,0.0,-1,0.0,0.0,-0.5894287986850738,-0.07294310900411002,0,1.0,0.0
77,4,0.0,0.0,0.0,0.0,0.0,-1,0.0,0.0,-0.6088028414344787,-0.07294310900411002,0,1.0,4.0
78,1,0.0,0.0,0.0,1,0.0,0.0,0.0,0.0,0.4999999850988388,-0.010119415086431032,0,1.0,0.0
78,1,0.0,0.0,0.0,1,0.0,0.0,0.0,0.0,0.48989899456501007,-0.010119415086431032,0,1.0,1.0
78,2,0.0,0.0,0.0,1,0.0,0.0,0.0,0.0,0.4999999850988388,1.1661147737678328,0,1.0,0.0
78,2,0.0,0.0,0.0,-1,0.0,0.0,0.0,0.0,-0.4899089945650101,1.1661147737678328,0,1.0,1.0
78,3,0.0,0.0,0.0,-1,0.0,0.0,0.0,0.0,-0.5000099850988388,-1.289510452566321,0,1.0,0.0
78,3,0.0,0.0,0.0,0.0,0.0,0.0,0.0,1.0,0.05833333544433117,-1.289510452566321,0,1.0,4.0
78,4,0.0,0.0,0.0,-1,0.0,0.0,0.0,0.0,-0.5000099850988388,-0.43059629217657663,0,1.0,0.0
78,4,0.0,0.0,0.0,0.0,0.0,0.0,0.0,-1.0,-0.05834333544433117,-0.43059629217657663,0,1.0,4.0
79,1,0.0,0.0,0.0,0.0,0.0,0.0,1,0.0,0.2786080241203308,-0.005309074656745171,0,1.0,0.0
79,1,0.0,0.0,0.0,0.0,0.0,0.0,1,0.0,0.2666524350643158,-0.005309074656745171,0,1.0,1.0
79,2,0.0,0.0,0.0,0.0,0.0,0.0,1,0.0,0.2786080241203308,-0.904703745440443,0,1.0,0.0
79,2,0.0,0.0,0.0,0.0,0.0,0.0,-1,0.0,-0.2666624350643158,-0.904703745440443,0,1.0,1.0
79,3,0.0,0.0,0.0,0.0,0.0,0.0,-1,0.0,-0.2786180241203308,-1.290625852940876,0,1.0,0.0
79,3,0.0,0.0,0.0,0.0,0.0,1.0,0.0,0.0,0.3748137056827545,-1.290625852940876,0,1.0,4.0
79,4,0.0,0.0,0.0,0.0,0.0,0.0,-1,0.0,-0.2786180241203308,0.3851667068542438,0,1.0,0.0
79,4,0.0,0.0,0.0,0.0,0.0,-1.0,0.0,0.0,-0.3748237056827545,0.3851667068542438,0,1.0,4.0
80,1,0.0,0.0,0.0,0.0,0.0,1,0.0,0.0,0.5700447261333466,0.029108162911575943,0,1.0,0.0
80,1,0.0,0.0,0.0,0.0,0.0,1,0.0,0.0,0.5685544013977051,0.029108162911575943,0,1.0,1.0
80,2,0.0,0.0,0.0,0.0,0.0,1,0.0,0.0,0.5700447261333466,1.8723963255768996,0,1.0,0.0
80,2,0.0,0.0,0.0,0.0,0.0,-1,0.0,0.0,-0.568564401397705,1.8723963255768996,0,1.0,1.0
80,3,0.0,0.0,0.0,0.0,0.0,-1,0.0,0.0,-0.5700547261333465,-0.6223428519892203,0,1.0,0.0
80,3,0.0,1.0,0.0,0.0,0.0,0.0,0.0,0.0,0.6457286477088928,-0.6223428519892203,0,1.0,4.0
80,4,0.0,0.0,0.0,0.0,0.0,-1,0.0,0.0,-0.5700547261333465,0.270448560261315,0,1.0,0.0
80,4,0.0,-1.0,0.0,0.0,0.0,0.0,0.0,0.0,-0.6457386477088928,0.270448560261315,0,1.0,4.0
81,1,0.0,1,0.0,0.0,0.0,0.0,0.0,0.0,0.11055276542901993,-1.0023978934233173,0,1.0,0.0
81,1,1.0,0.0,0.0,0.0,0.0,0.0,0.0,0.0,0.17647059448063374,-1.0023978934233173,0,1.0,1.0
81,2,0.0,1,0.0,0.0,0.0,0.0,0.0,0.0,0.11055276542901993,1.2857540191843324,0,1.0,0.0
81,2,-1.0,0.0,0.0,0.0,0.0,0.0,0.0,0.0,-0.17648059448063375,1.2857540191843324,0,1.0,1.0
81,3,0.0,-1,0.0,0.0,0.0,0.0,0.0,0.0,-0.11056276542901992,-0.06839761622736545,0,1.0,0.0
81,3,1.0,0.0,0.0,0.0,0.0,0.0,0.0,0.0,0.44117647409439087,-0.06839761622736545,0,1.0,4.0
81,4,0.0,-1,0.0,0.0,0.0,0.0,0.0,0.0,-0.11056276542901992,0.2308244949738479,0,1.0,0.0
81,4,-1.0,0.0,0.0,0.0,0.0,0.0,0.0,0.0,-0.4411864740943909,0.2308244949738479,0,1.0,4.0
82,1,1,0.0,0.0,0.0,0.0,0.0,0.0,0.0,0.5588235557079315,0.18461697277766353,0,1.0,0.0
82,1,0.0,0.0,0.0,1.0,0.0,0.0,0.0,0.0,0.14646464586257935,0.18461697277766353,0,1.0,1.0
82,2,1,0.0,0.0,0.0,0.0,0.0,0.0,0.0,0.5588235557079315,-0.049838601742211344,0,1.0,0.0
82,2,0.0,0.0,0.0,-1.0,0.0,0.0,0.0,0.0,-0.14647464586257936,-0.049838601742211344,0,1.0,1.0
82,3,-1,0.0,0.0,0.0,0.0,0.0,0.0,0.0,-0.5588335557079315,-1.3907537126783909,0,1.0,0.0
82,3,0.0,0.0,0.0,0.0,0.0,0.0,0.0,1.0,0.2750000059604645,-1.3907537126783909,0,1.0,4.0
82,4,-1,0.0,0.0,0.0,0.0,0.0,0.0,0.0,-0.5588335557079315,-0.041266520847428816,0,1.0,0.0
82,4,0.0,0.0,0.0,0.0,0.0,0.0,0.0,-1.0,-0.2750100059604645,-0.041266520847428816,0,1.0,4.0
83,1,0.0,0.0,0.0,1,0.0,0.0,0.0,0.0,0.3989899009466171,-0.0677479409080879,0,1.0,0.0
83,1,0.0,0.0,0.0,0.0,1.0,0.0,0.0,0.0,0.3711583912372589,-0.0677479409080879,0,1.0,1.0
83,2,0.0,0.0,0.0,1,0.0,0.0,0.0,0.0,0.3989899009466171,0.6091530798091873,0,1.0,0.0
83,2,0.0,0.0,0.0,0.0,-1.0,0.0,0.0,0.0,-0.3711683912372589,0.6091530798091873,0,1.0,1.0
83,3,0.0,0.0,0.0,-1,0.0,0.0,0.0,0.0,-0.39899990094661714,0.738959246754341,0,1.0,0.0
83,3,0.0,0.0,1.0,0.0,0.0,0.0,0.0,0.0,0.5655737519264221,0.738959246754341,0,1.0,4.0
83,4,0.0,0.0,0.0,-1,0.0,0.0,0.0,0.0,-0.39899990094661714,-0.11011472580158961,0,1.0,0.0
83,4,0.0,0.0,-1.0,0.0,0.0,0.0,0.0,0.0,-0.5655837519264221,-0.11011472580158961,0,1.0,4.0
84,1,0.0,0.0,0.0,0.0,1,0.0,0.0,0.0,0.388888880610466,0.015377260605397125,0,1.0,0.0
84,1,0.0,0.0,0.0,0.0,1,0.0,0.0,0.0,0.3711583912372589,0.015377260605397125,0,1.0,1.0
84,2,0.0,0.0,0.0,0.0,1,0.0,0.0,0.0,0.388888880610466,2.2500941969081274,0,1.0,0.0
84,2,0.0,0.0,0.0,0.0,-1,0.0,0.0,0.0,-0.3711683912372589,2.2500941969081274,0,1.0,1.0
84,3,0.0,0.0,0.0,0.0,-1,0.0,0.0,0.0,-0.388898880610466,-1.7120195454780718,0,1.0,0.0
84,3,0.0,0.0,0.0,0.0,1,0.0,0.0,0.0,0.41489362716674805,-1.7120195454780718,0,1.0,4.0
84,4,0.0,0.0,0.0,0.0,-1,0.0,0.0,0.0,-0.388898880610466,-0.3209441576818875,0,1.0,0.0
84,4,0.0,0.0,0.0,0.0,-1,0.0,0.0,0.0,-0.41490362716674806,-0.3209441576818875,0,1.0,4.0
85,1,0.0,0.0,0.0,0.0,1,0.0,0.0,0.0,0.8416075706481934,-0.011132486900481433,0,1.0,0.0
85,1,0.0,1.0,0.0,0.0,0.0,0.0,0.0,0.0,0.9648241102695465,-0.011132486900481433,0,1.0,1.0
85,2,0.0,0.0,0.0,0.0,1,0.0,0.0,0.0,0.8416075706481934,0.912914750856785,0,1.0,0.0
85,2,0.0,-1.0,0.0,0.0,0.0,0.0,0.0,0.0,-0.9648341102695465,0.912914750856785,0,1.0,1.0
85,3,0.0,0.0,0.0,0.0,-1,0.0,0.0,0.0,-0.8416175706481933,1.0109727943261437,0,1.0,0.0
85,3,0.0,0.0,1.0,0.0,0.0,0.0,0.0,0.0,0.5327868759632111,1.0109727943261437,0,1.0,4.0
85,4,0.0,0.0,0.0,0.0,-1,0.0,0.0,0.0,-0.8416175706481933,-1.332628907523407,0,1.0,0.0
85,4,0.0,0.0,-1.0,0.0,0.0,0.0,0.0,0.0,-0.532796875963211,-1.332628907523407,0,1.0,4.0
86,1,0.0,1,0.0,0.0,0.0,0.0,0.0,0.0,0.6859296560287476,-0.37837521880783426,0,1.0,0.0
86,1,0.0,0.0,1.0,0.0,0.0,0.0,0.0,0.0,0.5,-0.37837521880783426,0,1.0,1.0
86,2,0.0,1,0.0,0.0,0.0,0.0,0.0,0.0,0.6859296560287476,0.14599523130515432,0,1.0,0.0
86,2,0.0,0.0,-1.0,0.0,0.0,0.0,0.0,0.0,-0.50001,0.14599523130515432,0,1.0,1.0
86,3,0.0,-1,0.0,0.0,0.0,0.0,0.0,0.0,-0.6859396560287475,1.608854262313954,0,1.0,0.0
86,3,0.0,0.0,1.0,0.0,0.0,0.0,0.0,0.0,0.4508196711540222,1.608854262313954,0,1.0,4.0
86,4,0.0,-1,0.0,0.0,0.0,0.0,0.0,0.0,-0.6859396560287475,-0.22263790551865584,0,1.0,0.0
86,4,0.0,0.0,-1.0,0.0,0.0,0.0,0.0,0.0,-0.4508296711540222,-0.22263790551865584,0,1.0,4.0
87,1,0.0,1,0.0,0.0,0.0,0.0,0.0,0.0,0.9572864174842834,-0.027659152282673724,0,1.0,0.0
87,1,0.0,1,0.0,0.0,0.0,0.0,0.0,0.0,0.8165829181671143,-0.027659152282673724,0,1.0,1.0
87,2,0.0,1,0.0,0.0,0.0,0.0,0.0,0.0,0.9572864174842834,0.4596761098345671,0,1.0,0.0
87,2,0.0,-1,0.0,0.0,0.0,0.0,0.0,0.0,-0.8165929181671142,0.4596761098345671,0,1.0,1.0
87,3,0.0,-1,0.0,0.0,0.0,0.0,0.0,0.0,-0.9572964174842834,-1.8348143178391092,0,1.0,0.0
87,3,0.0,1,0.0,0.0,0.0,0.0,0.0,0.0,0.9723618030548096,-1.8348143178391092,0,1.0,4.0
87,4,0.0,-1,0.0,0.0,0.0,0.0,0.0,0.0,-0.9572964174842834,0.654614671723327,0,1.0,0.0
87,4,0.0,-1,0.0,0.0,0.0,0.0,0.0,0.0,-0.9723718030548095,0.654614671723327,0,1.0,4.0
88,1,0.0,0.0,1,0.0,0.0,0.0,0.0,0.0,0.2786885201931,0.12571067666602717,0,1.0,0.0
88,1,1.0,0.0,0.0,0.0,0.0,0.0,0.0,0.0,0.38235294818878174,0.12571067666602717,0,1.0,1.0
88,2,0.0,0.0,1,0.0,0.0,0.0,0.0,0.0,0.2786885201931,0.9437948265520689,0,1.0,0.0
88,2,-1.0,0.0,0.0,0.0,0.0,0.0,0.0,0.0,-0.38236294818878175,0.9437948265520689,0,1.0,1.0
88,3,0.0,0.0,-1,0.0,0.0,0.0,0.0,0.0,-0.2786985201931,-0.26113195881764456,0,1.0,0.0
88,3,0.0,1.0,0.0,0.0,0.0,0.0,0.0,0.0,0.5100502371788025,-0.26113195881764456,0,1.0,4.0
88,4,0.0,0.0,-1,0.0,0.0,0.0,0.0,0.0,-0.2786985201931,0.026304467911233514,0,1.0,0.0
88,4,0.0,-1.0,0.0,0.0,0.0,0.0,0.0,0.0,-0.5100602371788024,0.026304467911233514,0,1.0,4.0
89,1,0.0,0.0,0.0,0.0,0.0,0.0,1,0.0,0.035226304084062576,-0.6705066644578499,0,1.0,0.0
89,1,0.0,1.0,0.0,0.0,0.0,0.0,0.0,0.0,0.7010050415992737,-0.6705066644578499,0,1.0,1.0
89,2,0.0,0.0,0.0,0.0,0.0,0.0,1,0.0,0.035226304084062576,0.7153022366931919,0,1.0,0.0
89,2,0.0,-1.0,0.0,0.0,0.0,0.0,0.0,0.0,-0.7010150415992736,0.7153022366931919,0,1.0,1.0
89,3,0.0,0.0,0.0,0.0,0.0,0.0,-1,0.0,-0.03523630408406258,1.0856928013687719,0,1.0,0.0
89,3,0.0,0.0,0.0,0.0,0.0,0.0,1,0.0,0.035653289407491684,1.0856928013687719,0,1.0,4.0
89,4,0.0,0.0,0.0,0.0,0.0,0.0,-1,0.0,-0.03523630408406258,0.019403191220935846,0,1.0,0.0
89,4,0.0,0.0,0.0,0.0,0.0,0.0,-1,0.0,-0.03566328940749169,0.019403191220935846,0,1.0,4.0
90,1,0.0,1,0.0,0.0,0.0,0.0,0.0,0.0,0.6105527579784393,0.1632856845798824,0,1.0,0.0
90,1,0.0,0.0,0.0,0.0,0.0,0.0,0.0,1.0,0.4416666626930237,0.1632856845798824,0,1.0,1.0
90,2,0.0,1,0.0,0.0,0.0,0.0,0.0,0.0,0.6105527579784393,-0.4920536202675211,0,1.0,0.0
90,2,0.0,0.0,0.0,0.0,0.0,0.0,0.0,-1.0,-0.4416766626930237,-0.4920536202675211,0,1.0,1.0
90,3,0.0,-1,0.0,0.0,0.0,0.0,0.0,0.0,-0.6105627579784393,-0.27916170279910785,0,1.0,0.0
90,3,1.0,0.0,0.0,0.0,0.0,0.0,0.0,0.0,0.14705882593989372,-0.27916170279910785,0,1.0,4.0
90,4,0.0,-1,0.0,0.0,0.0,0.0,0.0,0.0,-0.6105627579784393,0.024914282462075988,0,1.0,0.0
90,4,-1.0,0.0,0.0,0.0,0.0,0.0,0.0,0.0,-0.14706882593989373,0.024914282462075988,0,1.0,4.0
91,1,0.0,0.0,0.0,0.0,0.0,1,0.0,0.0,0.716840535402298,0.007599116686274446,0,1.0,0.0
91,1,0.0,0.0,1.0,0.0,0.0,0.0,0.0,0.0,0.7295081913471222,0.007599116686274446,0,1.0,1.0
91,2,0.0,0.0,0.0,0.0,0.0,1,0.0,0.0,0.716840535402298,-0.3800893034200486,0,1.0,0.0
91,2,0.0,0.0,-1.0,0.0,0.0,0.0,0.0,0.0,-0.7295181913471221,-0.3800893034200486,0,1.0,1.0
91,3,0.0,0.0,0.0,0.0,0.0,-1,0.0,0.0,-0.7168505354022979,1.1925994630281083,0,1.0,0.0
91,3,0.0,1.0,0.0,0.0,0.0,0.0,0.0,0.0,0.6155778765678406,1.1925994630281083,0,1.0,4.0
91,4,0.0,0.0,0.0,0.0,0.0,-1,0.0,0.0,-0.7168505354022979,0.641575904251288,0,1.0,0.0
91,4,0.0,-1.0,0.0,0.0,0.0,0.0,0.0,0.0,-0.6155878765678405,0.641575904251288,0,1.0,4.0
92,1,0.0,0.0,0.0,0.0,0.0,0.0,0.0,1,0.3583333343267441,0.07604843636704678,0,1.0,0.0
92,1,1.0,0.0,0.0,0.0,0.0,0.0,0.0,0.0,0.20588235557079315,0.07604843636704678,0,1.0,1.0
92,2,0.0,0.0,0.0,0.0,0.0,0.0,0.0,1,0.3583333343267441,-0.18023663178430932,0,1.0,0.0
92,2,-1.0,0.0,0.0,0.0,0.0,0.0,0.0,0.0,-0.20589235557079316,-0.18023663178430932,0,1.0,1.0
92,3,0.0,0.0,0.0,0.0,0.0,0.0,0.0,-1,-0.3583433343267441,0.9764489252892585,0,1.0,0.0
92,3,0.0,0.0,0.0,0.0,0.0,0.0,0.0,1,0.375,0.9764489252892585,0,1.0,4.0
92,4,0.0,0.0,0.0,0.0,0.0,0.0,0.0,-1,-0.3583433343267441,0.049318885669723346,0,1.0,0.0
92,4,0.0,0.0,0.0,0.0,0.0,0.0,0.0,-1,-0.37501,0.049318885669723346,0,1.0,4.0
93,1,0.0,0.0,0.0,0.0,0.0,1,0.0,0.0,0.5670640766620636,0.025630236780617835,0,1.0,0.0
93,1,0.0,0.0,0.0,0.0,0.0,1,0.0,0.0,0.5625931322574615,0.025630236780617835,0,1.0,1.0
93,2,0.0,0.0,0.0,0.0,0.0,1,0.0,0.0,0.5670640766620636,1.217517224187727,0,1.0,0.0
93,2,0.0,0.0,0.0,0.0,0.0,-1,0.0,0.0,-0.5626031322574615,1.217517224187727,0,1.0,1.0
93,3,0.0,0.0,0.0,0.0,0.0,-1,0.0,0.0,-0.5670740766620636,-0.7110131019754498,0,1.0,0.0
93,3,0.0,0.0,0.0,0.0,0.0,0.0,1.0,0.0,0.10760033875703812,-0.7110131019754498,0,1.0,4.0
93,4,0.0,0.0,0.0,0.0,0.0,-1,0.0,0.0,-0.5670740766620636,0.15121887874548548,0,1.0,0.0
93,4,0.0,0.0,0.0,0.0,0.0,0.0,-1.0,0.0,-0.10761033875703811,0.15121887874548548,0,1.0,4.0
94,1,0.0,0.0,0.0,0.0,0.0,0.0,1,0.0,0.15606319159269333,0.06498365317905445,0,1.0,0.0
94,1,0.0,0.0,0.0,0.0,0.0,0.0,1,0.0,0.15456873923540115,0.06498365317905445,0,1.0,1.0
94,2,0.0,0.0,0.0,0.0,0.0,0.0,1,0.0,0.15606319159269333,1.2027505577566917,0,1.0,0.0
94,2,0.0,0.0,0.0,0.0,0.0,0.0,-1,0.0,-0.15457873923540116,1.2027505577566917,0,1.0,1.0
94,3,0.0,0.0,0.0,0.0,0.0,0.0,-1,0.0,-0.15607319159269334,-0.49017001858943376,0,1.0,0.0
94,3,0.0,0.0,0.0,0.0,0.0,0.0,1,0.0,0.19235695898532867,-0.49017001858943376,0,1.0,4.0
94,4,0.0,0.0,0.0,0.0,0.0,0.0,-1,0.0,-0.15607319159269334,-0.011655272581552379,0,1.0,0.0
94,4,0.0,0.0,0.0,0.0,0.0,0.0,-1,0.0,-0.19236695898532868,-0.011655272581552379,0,1.0,4.0
95,1,0.0,0.0,0.0,0.0,0.0,1,0.0,0.0,0.39120715856552124,0.33242145543021173,0,1.0,0.0
95,1,0.0,0.0,1.0,0.0,0.0,0.0,0.0,0.0,0.5286885201931,0.33242145543021173,0,1.0,1.0
95,2,0.0,0.0,0.0,0.0,0.0,1,0.0,0.0,0.39120715856552124,-0.7647037956086291,0,1.0,0.0
95,2,0.0,0.0,-1.0,0.0,0.0,0.0,0.0,0.0,-0.5286985201930999,-0.7647037956086291,0,1.0,1.0
95,3,0.0,0.0,0.0,0.0,0.0,-1,0.0,0.0,-0.39121715856552125,1.1845394371652576,0,1.0,0.0
95,3,0.0,0.0,0.0,0.0,0.0,1,0.0,0.0,0.3956780880689621,1.1845394371652576,0,1.0,4.0
95,4,0.0,0.0,0.0,0.0,0.0,-1,0.0,0.0,-0.39121715856552125,0.017169234532400008,0,1.0,0.0
95,4,0.0,0.0,0.0,0.0,0.0,-1,0.0,0.0,-0.3956880880689621,0.017169234532400008,0,1.0,4.0
96,1,0.0,0.0,0.0,0.0,0.0,0.0,0.0,1,0.15833333879709244,-0.1665207386850126,0,1.0,0.0
96,1,0.0,0.0,1.0,0.0,0.0,0.0,0.0,0.0,0.6926229596138,-0.1665207386850126,0,1.0,1.0
96,2,0.0,0.0,0.0,0.0,0.0,0.0,0.0,1,0.15833333879709244,0.5643811733603448,0,1.0,0.0
96,2,0.0,0.0,-1.0,0.0,0.0,0.0,0.0,0.0,-0.6926329596138,0.5643811733603448,0,1.0,1.0
96,3,0.0,0.0,0.0,0.0,0.0,0.0,0.0,-1,-0.15834333879709245,0.35706202463603126,0,1.0,0.0
96,3,0.0,0.0,0.0,0.0,0.0,0.0,0.0,1,0.25833334028720856,0.35706202463603126,0,1.0,4.0
96,4,0.0,0.0,0.0,0.0,0.0,0.0,0.0,-1,-0.15834333879709245,-0.016409891586981154,0,1.0,0.0
96,4,0.0,0.0,0.0,0.0,0.0,0.0,0.0,-1,-0.25834334028720857,-0.016409891586981154,0,1.0,4.0
97,1,0.0,0.0,0.0,0.0,0.0,0.0,1,0.0,0.3409479111433029,0.010103172644656913,0,1.0,0.0
97,1,0.0,0.0,0.0,0.0,0.0,0.0,1,0.0,0.3345431238412857,0.010103172644656913,0,1.0,1.0
97,2,0.0,0.0,0.0,0.0,0.0,0.0,1,0.0,0.3409479111433029,1.1690349759791887,0,1.0,0.0
97,2,0.0,0.0,0.0,0.0,0.0,0.0,-1,0.0,-0.3345531238412857,1.1690349759791887,0,1.0,1.0
97,3,0.0,0.0,0.0,0.0,0.0,0.0,-1,0.0,-0.3409579111433029,-1.3638248685232734,0,1.0,0.0
97,3,0.0,0.0,0.0,0.0,0.0,0.0,1,0.0,0.3420153707265854,-1.3638248685232734,0,1.0,4.0
97,4,0.0,0.0,0.0,0.0,0.0,0.0,-1,0.0,-0.3409579111433029,-0.20960205751177008,0,1.0,0.0
97,4,0.0,0.0,0.0,0.0,0.0,0.0,-1,0.0,-0.3420253707265854,-0.20960205751177008,0,1.0,4.0
98,1,0.0,0.0,0.0,0.0,0.0,0.0,1,0.0,0.13514090329408646,-0.022974839267574564,0,1.0,0.0
98,1,0.0,0.0,0.0,0.0,0.0,0.0,1,0.0,0.13065756112337112,-0.022974839267574564,0,1.0,1.0
98,2,0.0,0.0,0.0,0.0,0.0,0.0,1,0.0,0.13514090329408646,-1.3650084754038803,0,1.0,0.0
98,2,0.0,0.0,0.0,0.0,0.0,0.0,-1,0.0,-0.13066756112337113,-1.3650084754038803,0,1.0,1.0
98,3,0.0,0.0,0.0,0.0,0.0,0.0,-1,0.0,-0.13515090329408647,1.5978319017313196,0,1.0,0.0
98,3,0.0,0.0,0.0,0.0,0.0,0.0,1,0.0,0.13898377120494843,1.5978319017313196,0,1.0,4.0
98,4,0.0,0.0,0.0,0.0,0.0,0.0,-1,0.0,-0.13515090329408647,0.02034595246165556,0,1.0,0.0
98,4,0.0,0.0,0.0,0.0,0.0,0.0,-1,0.0,-0.13899377120494844,0.02034595246165556,0,1.0,4.0
99,1,0.0,0.0,0.0,0.0,0.0,1,0.0,0.0,0.46870341897010803,-0.48914319199873596,0,1.0,0.0
99,1,0.0,0.0,1.0,0.0,0.0,0.0,0.0,0.0,0.5655737519264221,-0.48914319199873596,0,1.0,1.0
99,2,0.0,0.0,0.0,0.0,0.0,1,0.0,0.0,0.46870341897010803,0.13135530715931568,0,1.0,0.0
99,2,0.0,0.0,-1.0,0.0,0.0,0.0,0.0,0.0,-0.5655837519264221,0.13135530715931568,0,1.0,1.0
99,3,0.0,0.0,0.0,0.0,0.0,-1,0.0,0.0,-0.46871341897010804,1.322055758065163,0,1.0,0.0
99,3,0.0,0.0,0.0,0.0,0.0,0.0,1.0,0.0,0.02198975160717964,1.322055758065163,0,1.0,4.0
99,4,0.0,0.0,0.0,0.0,0.0,-1,0.0,0.0,-0.46871341897010804,0.024424623662523858,0,1.0,0.0
99,4,0.0,0.0,0.0,0.0,0.0,0.0,-1.0,0.0,-0.02199975160717964,0.024424623662523858,0,1.0,4.0
